SET FOREIGN_KEY_CHECKS = 0;

TRUNCATE TABLE cesiones;
TRUNCATE TABLE certificados;
TRUNCATE TABLE constancias;
TRUNCATE TABLE derechos;
TRUNCATE TABLE deslindes;
TRUNCATE TABLE ejidatarios;
TRUNCATE TABLE ejidos;  
TRUNCATE TABLE empleados;
TRUNCATE TABLE estados;
TRUNCATE TABLE detalles;
TRUNCATE TABLE municipios;
TRUNCATE TABLE pagos;
TRUNCATE TABLE parcelas;
TRUNCATE TABLE personas;
TRUNCATE TABLE servicios;
TRUNCATE TABLE usuarios;

SET FOREIGN_KEY_CHECKS = 1;

-- ============================================
-- ESTADOS (1 registro)
-- ============================================
-- ============================================
-- ESTADOS (1 registro)
-- ============================================
INSERT INTO estados (id_estado, nombre, territorio) VALUES
(1, 'Estado de México', 'Central');
-- ============================================
-- MUNICIPIOS (125 municipios del Estado de México)
-- ============================================
INSERT INTO municipios (id_municipio, referencia, clave_inegi, nombre, territorio) VALUES
(1, 'REF001', '15001', 'Acambay de Ruiz Castañeda', 'Rural'),
(2, 'REF002', '15002', 'Acolman', 'Urbano'),
(3, 'REF003', '15003', 'Aculco', 'Rural'),
(4, 'REF004', '15004', 'Almoloya de Alquisellas', 'Rural'),
(5, 'REF005', '15005', 'Almoloya de Juárez', 'Rural'),
(6, 'REF006', '15006', 'Almoloya del Río', 'Rural'),
(7, 'REF007', '15007', 'Amatepec', 'Rural'),
(8, 'REF008', '15008', 'Amecameca', 'Rural'),
(9, 'REF009', '15009', 'Apaxco', 'Rural'),
(10, 'REF010', '15010', 'Atenco', 'Rural'),
(11, 'REF011', '15011', 'Atizapán de Zaragoza', 'Urbano'),
(12, 'REF012', '15012', 'Atlacomulco', 'Rural'),
(13, 'REF013', '15013', 'Atotonilco de Tula', 'Rural'),
(14, 'REF014', '15014', 'Axapusco', 'Rural'),
(15, 'REF015', '15015', 'Ayapango', 'Rural'),
(16, 'REF016', '15016', 'Calimaya', 'Rural'),
(17, 'REF017', '15017', 'Capulhuac', 'Rural'),
(18, 'REF018', '15018', 'Chalco', 'Urbano'),
(19, 'REF019', '15019', 'Chapa de Mota', 'Rural'),
(20, 'REF020', '15020', 'Chapultepec', 'Rural'),
(21, 'REF021', '15021', 'Chiautla', 'Rural'),
(22, 'REF022', '15022', 'Chicoloapan', 'Urbano'),
(23, 'REF023', '15023', 'Chiconcuac', 'Rural'),
(24, 'REF024', '15024', 'Chimalhuacán', 'Urbano'),
(25, 'REF025', '15025', 'Coacalco de Berriozábal', 'Urbano'),
(26, 'REF026', '15026', 'Coatepec Harinas', 'Rural'),
(27, 'REF027', '15027', 'Cocotitlán', 'Rural'),
(28, 'REF028', '15028', 'Coyotepec', 'Rural'),
(29, 'REF029', '15029', 'Cuautitlán', 'Urbano'),
(30, 'REF030', '15030', 'Cuautitlán Izcalli', 'Urbano'),
(31, 'REF031', '15031', 'Donato Guerra', 'Rural'),
(32, 'REF032', '15032', 'Ecatepec de Morelos', 'Urbano'),
(33, 'REF033', '15033', 'Ecatzingo', 'Rural'),
(34, 'REF034', '15034', 'El Oro', 'Rural'),
(35, 'REF035', '15035', 'Huehuetoca', 'Rural'),
(36, 'REF036', '15036', 'Hueypoxtla', 'Rural'),
(37, 'REF037', '15037', 'Huixquilucan', 'Urbano'),
(38, 'REF038', '15038', 'Isidro Fabela', 'Rural'),
(39, 'REF039', '15039', 'Ixtapaluca', 'Urbano'),
(40, 'REF040', '15040', 'Ixtapan del Oro', 'Rural'),
(41, 'REF041', '15041', 'Ixtlahuaca', 'Rural'),
(42, 'REF042', '15042', 'Jaltenco', 'Rural'),
(43, 'REF043', '15043', 'Jilotepec', 'Rural'),
(44, 'REF044', '15044', 'Jilotzingo', 'Rural'),
(45, 'REF045', '15045', 'Jiquipilco', 'Rural'),
(46, 'REF046', '15046', 'Jocotitlán', 'Rural'),
(47, 'REF047', '15047', 'Joquicingo', 'Rural'),
(48, 'REF048', '15048', 'Juárez', 'Urbano'),
(49, 'REF049', '15049', 'Lerma', 'Urbano'),
(50, 'REF050', '15050', 'Luvianos', 'Rural'),
(51, 'REF051', '15051', 'Malinalco', 'Rural'),
(52, 'REF052', '15052', 'Melchor Ocampo', 'Rural'),
(53, 'REF053', '15053', 'Metapepec', 'Rural'),
(54, 'REF054', '15054', 'Mexicaltzingo', 'Rural'),
(55, 'REF055', '15055', 'Morelos', 'Rural'),
(56, 'REF056', '15056', 'Naucalpan de Juárez', 'Urbano'),
(57, 'REF057', '15057', 'Nezahualcóyotl', 'Urbano'),
(58, 'REF058', '15058', 'Nextlalpan', 'Rural'),
(59, 'REF059', '15059', 'Nicolas Romero', 'Urbano'),
(60, 'REF060', '15060', 'Nopaltepec', 'Rural'),
(61, 'REF061', '15061', 'Ocoyoacac', 'Rural'),
(62, 'REF062', '15062', 'Ocuilan', 'Rural'),
(63, 'REF063', '15063', 'Otumba', 'Rural'),
(64, 'REF064', '15064', 'Otzolotepec', 'Rural'),
(65, 'REF065', '15065', 'Ozumba', 'Rural'),
(66, 'REF066', '15066', 'Papalotla', 'Rural'),
(67, 'REF067', '15067', 'Polotitlán', 'Rural'),
(68, 'REF068', '15068', 'Rayón', 'Rural'),
(69, 'REF069', '15069', 'San Antonio la Isla', 'Rural'),
(70, 'REF070', '15070', 'San Felipe del Progreso', 'Rural'),
(71, 'REF071', '15071', 'San José del Rincón', 'Rural'),
(72, 'REF072', '15072', 'San Martín de las Pirámides', 'Rural'),
(73, 'REF073', '15073', 'San Mateo Atenco', 'Rural'),
(74, 'REF074', '15074', 'San Simón de la Laguna', 'Rural'),
(75, 'REF075', '15075', 'Soyaniquilpan de Juárez', 'Rural'),
(76, 'REF076', '15076', 'Sultepec', 'Rural'),
(77, 'REF077', '15077', 'Tancama', 'Rural'),
(78, 'REF078', '15078', 'Tangamangapio', 'Rural'),
(79, 'REF079', '15079', 'Tangancícuaro', 'Rural'),
(80, 'REF080', '15080', 'Tepetlixpa', 'Rural'),
(81, 'REF081', '15081', 'Tepotzotlán', 'Rural'),
(82, 'REF082', '15082', 'Tequixquiac', 'Rural'),
(83, 'REF083', '15083', 'Texcaltitlán', 'Rural'),
(84, 'REF084', '15084', 'Texcoco', 'Urbano'),
(85, 'REF085', '15085', 'Tezoyuca', 'Rural'),
(86, 'REF086', '15086', 'Tianguistenco', 'Rural'),
(87, 'REF087', '15087', 'Timilpan', 'Rural'),
(88, 'REF088', '15088', 'Toluca', 'Urbano'),
(89, 'REF089', '15089', 'Tonanitla', 'Rural'),
(90, 'REF090', '15090', 'Tultepec', 'Rural'),
(91, 'REF091', '15091', 'Tultitlán', 'Urbano'),
(92, 'REF092', '15092', 'Valle de Bravo', 'Rural'),
(93, 'REF093', '15093', 'Valle de Chalco Solidaridad', 'Urbano'),
(94, 'REF094', '15094', 'Villa Guerrero', 'Rural'),
(95, 'REF095', '15095', 'Villa Victoria', 'Rural'),
(96, 'REF096', '15096', 'Xonacatlán', 'Rural'),
(97, 'REF097', '15097', 'Zacazonapan', 'Rural'),
(98, 'REF098', '15098', 'Zumpango', 'Rural'),
(99, 'REF099', '15099', 'Cuernavaca', 'Urbano'),
(100, 'REF100', '15100', 'Temixco', 'Urbano'),
(101, 'REF101', '15101', 'Emiliano Zapata', 'Urbano'),
(102, 'REF102', '15102', 'Jiutepec', 'Urbano'),
(103, 'REF103', '15103', 'Yautepec', 'Rural'),
(104, 'REF104', '15104', 'Tequesquitengo', 'Rural'),
(105, 'REF105', '15105', 'Tlayacapan', 'Rural'),
(106, 'REF106', '15106', 'Totolapan', 'Rural'),
(107, 'REF107', '15107', 'Mazatepec', 'Rural'),
(108, 'REF108', '15108', 'Amacuzac', 'Rural'),
(109, 'REF109', '15109', 'Jonacatepec', 'Rural'),
(110, 'REF110', '15110', 'Temimilcingo', 'Rural'),
(111, 'REF111', '15111', 'Ocuituco', 'Rural'),
(112, 'REF112', '15112', 'Tetela del Monte', 'Rural'),
(113, 'REF113', '15113', 'Zacatepec', 'Rural'),
(114, 'REF114', '15114', 'Huejutla', 'Rural'),
(115, 'REF115', '15115', 'Lolotla', 'Rural'),
(116, 'REF116', '15116', 'Metlatónoc', 'Rural'),
(117, 'REF117', '15117', 'Olinalá', 'Rural'),
(118, 'REF118', '15118', 'Tepecoacuilco', 'Rural'),
(119, 'REF119', '15119', 'Tlapa de Comonfort', 'Rural'),
(120, 'REF120', '15120', 'Xochihuehuetlán', 'Rural'),
(121, 'REF121', '15121', 'Chilapa de Álvarez', 'Rural'),
(122, 'REF122', '15122', 'Leonardo Bravo', 'Rural'),
(123, 'REF123', '15123', 'Juan Salgado', 'Rural'),
(124, 'REF124', '15124', 'Ahuacuotzingo', 'Rural'),
(125, 'REF125', '15125', 'Zitlala', 'Rural');

-- ============================================
-- USUARIOS (100 registros)
-- ============================================
INSERT INTO usuarios (id_usuario, nombre_usuario, contrasena, rol, imagen) VALUES
(1, 'admin_ejidal', 'AQAAAAEAACcQAAAAEE5NjRiNjRiLWNiMTgtNDQ4OS1hMjM4LWY0Njk1ZjY3YjJkMw==', 'ADMIN', 'https://placehold.co/150x150/1a1a2e/FFF?text=AE'),
(2, 'juan_perez', 'AQAAAAEAACcQAAAAELjEyMzQ1Njc4OTAxMjM0NTY3ODkw==', 'EJIDATARIO', 'https://placehold.co/150x150/16213e/FFF?text=JP'),
(3, 'maria_lopez', 'AQAAAAEAACcQAAAAELjEyMzQ1Njc4OTAxMjM0NTY3ODkw==', 'EMPLEADO', 'https://placehold.co/150x150/0f3460/FFF?text=ML'),
(4, 'carlos_garcia', 'AQAAAAEAACcQAAAAELjEyMzQ1Njc4OTAxMjM0NTY3ODkw==', 'EJIDATARIO', 'https://placehold.co/150x150/e94560/FFF?text=CG'),
(5, 'rosa_martinez', 'AQAAAAEAACcQAAAAELjEyMzQ1Njc4OTAxMjM0NTY3ODkw==', 'EJIDATARIO', 'https://placehold.co/150x150/533483/FFF?text=RM'),
(6, 'jose_rodriguez', 'AQAAAAEAACcQAAAAELjEyMzQ1Njc4OTAxMjM0NTY3ODkw==', 'SECRETARIO', 'https://placehold.co/150x150/1a1a2e/FFF?text=JR'),
(7, 'ana_sanchez', 'AQAAAAEAACcQAAAAELjEyMzQ1Njc4OTAxMjM0NTY3ODkw==', 'CONTADOR', 'https://placehold.co/150x150/16213e/FFF?text=AS'),
(8, 'luis_gonzalez', 'AQAAAAEAACcQAAAAELjEyMzQ1Njc4OTAxMjM0NTY3ODkw==', 'VIGILANTE', 'https://placehold.co/150x150/0f3460/FFF?text=LG'),
(9, 'elena_ramirez', 'AQAAAAEAACcQAAAAELjEyMzQ1Njc4OTAxMjM0NTY3ODkw==', 'EJIDATARIO', 'https://placehold.co/150x150/e94560/FFF?text=ER'),
(10, 'david_torres', 'AQAAAAEAACcQAAAAELjEyMzQ1Njc4OTAxMjM0NTY3ODkw==', 'EJIDATARIO', 'https://placehold.co/150x150/533483/FFF?text=DT'),
(11, 'patricia_flores', 'AQAAAAEAACcQAAAAELjEyMzQ1Njc4OTAxMjM0NTY3ODkw==', 'SECRETARIA', 'https://placehold.co/150x150/1a1a2e/FFF?text=PF'),
(12, 'francisco_luna', 'AQAAAAEAACcQAAAAELjEyMzQ1Njc4OTAxMjM0NTY3ODkw==', 'COMISARIO', 'https://placehold.co/150x150/16213e/FFF?text=FL'),
(13, 'martha_diaz', 'AQAAAAEAACcQAAAAELjEyMzQ1Njc4OTAxMjM0NTY3ODkw==', 'CONTADOR', 'https://placehold.co/150x150/0f3460/FFF?text=MD'),
(14, 'javier_cruz', 'AQAAAAEAACcQAAAAELjEyMzQ1Njc4OTAxMjM0NTY3ODkw==', 'EJIDATARIO', 'https://placehold.co/150x150/e94560/FFF?text=JC'),
(15, 'sara_morales', 'AQAAAAEAACcQAAAAELjEyMzQ1Njc4OTAxMjM0NTY3ODkw==', 'EJIDATARIO', 'https://placehold.co/150x150/533483/FFF?text=SM'),
(16, 'manuel_gutierrez', 'AQAAAAEAACcQAAAAELjEyMzQ1Njc4OTAxMjM0NTY3ODkw==', 'VIGILANTE', 'https://placehold.co/150x150/1a1a2e/FFF?text=MG'),
(17, 'laura_ortega', 'AQAAAAEAACcQAAAAELjEyMzQ1Njc4OTAxMjM0NTY3ODkw==', 'EJIDATARIO', 'https://placehold.co/150x150/16213e/FFF?text=LO'),
(18, 'enrique_ruiz', 'AQAAAAEAACcQAAAAELjEyMzQ1Njc4OTAxMjM0NTY3ODkw==', 'EJIDATARIO', 'https://placehold.co/150x150/0f3460/FFF?text=ERu'),
(19, 'carmen_hernandez', 'AQAAAAEAACcQAAAAELjEyMzQ1Njc4OTAxMjM0NTY3ODkw==', 'SECRETARIA', 'https://placehold.co/150x150/e94560/FFF?text=CH'),
(20, 'raul_castillo', 'AQAAAAEAACcQAAAAELjEyMzQ1Njc4OTAxMjM0NTY3ODkw==', 'EJIDATARIO', 'https://placehold.co/150x150/533483/FFF?text=RC'),
(21, 'isabel_gomez', 'AQAAAAEAACcQAAAAELjEyMzQ1Njc4OTAxMjM0NTY3ODkw==', 'CONTADOR', 'https://placehold.co/150x150/1a1a2e/FFF?text=IG'),
(22, 'fernando_medina', 'AQAAAAEAACcQAAAAELjEyMzQ1Njc4OTAxMjM0NTY3ODkw==', 'EJIDATARIO', 'https://placehold.co/150x150/16213e/FFF?text=FM'),
(23, 'veronica_romero', 'AQAAAAEAACcQAAAAELjEyMzQ1Njc4OTAxMjM0NTY3ODkw==', 'EJIDATARIO', 'https://placehold.co/150x150/0f3460/FFF?text=VR'),
(24, 'gabriel_vargas', 'AQAAAAEAACcQAAAAELjEyMzQ1Njc4OTAxMjM0NTY3ODkw==', 'VIGILANTE', 'https://placehold.co/150x150/e94560/FFF?text=GV'),
(25, 'angela_lopez', 'AQAAAAEAACcQAAAAELjEyMzQ1Njc4OTAxMjM0NTY3ODkw==', 'EJIDATARIO', 'https://placehold.co/150x150/533483/FFF?text=AL'),
(26, 'oscar_hidalgo', 'AQAAAAEAACcQAAAAELjEyMzQ1Njc4OTAxMjM0NTY3ODkw==', 'EJIDATARIO', 'https://placehold.co/150x150/1a1a2e/FFF?text=OH'),
(27, 'silvia_alvarez', 'AQAAAAEAACcQAAAAELjEyMzQ1Njc4OTAxMjM0NTY3ODkw==', 'SECRETARIA', 'https://placehold.co/150x150/16213e/FFF?text=SA'),
(28, 'ricardo_mendez', 'AQAAAAEAACcQAAAAELjEyMzQ1Njc4OTAxMjM0NTY3ODkw==', 'COMISARIO', 'https://placehold.co/150x150/0f3460/FFF?text=RMd'),
(29, 'claudia_navarro', 'AQAAAAEAACcQAAAAELjEyMzQ1Njc4OTAxMjM0NTY3ODkw==', 'CONTADOR', 'https://placehold.co/150x150/e94560/FFF?text=CN'),
(30, 'arturo_guerrero', 'AQAAAAEAACcQAAAAELjEyMzQ1Njc4OTAxMjM0NTY3ODkw==', 'EJIDATARIO', 'https://placehold.co/150x150/533483/FFF?text=AG'),
(31, 'maria_del_carmen_salazar', 'AQAAAAEAACcQAAAAELjEyMzQ1Njc4OTAxMjM0NTY3ODkw==', 'EJIDATARIO', 'https://placehold.co/150x150/1a1a2e/FFF?text=MCS'),
(32, 'armando_rivera', 'AQAAAAEAACcQAAAAELjEyMzQ1Njc4OTAxMjM0NTY3ODkw==', 'EJIDATARIO', 'https://placehold.co/150x150/16213e/FFF?text=AR'),
(33, 'elizabeth_soto', 'AQAAAAEAACcQAAAAELjEyMzQ1Njc4OTAxMjM0NTY3ODkw==', 'VIGILANTE', 'https://placehold.co/150x150/0f3460/FFF?text=ES'),
(34, 'victor_moreno', 'AQAAAAEAACcQAAAAELjEyMzQ1Njc4OTAxMjM0NTY3ODkw==', 'EJIDATARIO', 'https://placehold.co/150x150/e94560/FFF?text=VM'),
(35, 'monica_jimenez', 'AQAAAAEAACcQAAAAELjEyMzQ1Njc4OTAxMjM0NTY3ODkw==', 'EJIDATARIO', 'https://placehold.co/150x150/533483/FFF?text=MJ'),
(36, 'jorge_arias', 'AQAAAAEAACcQAAAAELjEyMzQ1Njc4OTAxMjM0NTY3ODkw==', 'SECRETARIO', 'https://placehold.co/150x150/1a1a2e/FFF?text=JA'),
(37, 'alejandra_santos', 'AQAAAAEAACcQAAAAELjEyMzQ1Njc4OTAxMjM0NTY3ODkw==', 'CONTADOR', 'https://placehold.co/150x150/16213e/FFF?text=ASa'),
(38, 'eduardo_vega', 'AQAAAAEAACcQAAAAELjEyMzQ1Njc4OTAxMjM0NTY3ODkw==', 'EJIDATARIO', 'https://placehold.co/150x150/0f3460/FFF?text=EV'),
(39, 'gloria_lara', 'AQAAAAEAACcQAAAAELjEyMzQ1Njc4OTAxMjM0NTY3ODkw==', 'EJIDATARIO', 'https://placehold.co/150x150/e94560/FFF?text=GL'),
(40, 'marco_antunez', 'AQAAAAEAACcQAAAAELjEyMzQ1Njc4OTAxMjM0NTY3ODkw==', 'VIGILANTE', 'https://placehold.co/150x150/533483/FFF?text=MA'),
(41, 'esther_dominguez', 'AQAAAAEAACcQAAAAELjEyMzQ1Njc4OTAxMjM0NTY3ODkw==', 'EJIDATARIO', 'https://placehold.co/150x150/1a1a2e/FFF?text=ED'),
(42, 'ignacio_molina', 'AQAAAAEAACcQAAAAELjEyMzQ1Njc4OTAxMjM0NTY3ODkw==', 'EJIDATARIO', 'https://placehold.co/150x150/16213e/FFF?text=IM'),
(43, 'yolanda_ibarra', 'AQAAAAEAACcQAAAAELjEyMzQ1Njc4OTAxMjM0NTY3ODkw==', 'SECRETARIA', 'https://placehold.co/150x150/0f3460/FFF?text=YI'),
(44, 'alonso_palacios', 'AQAAAAEAACcQAAAAELjEyMzQ1Njc4OTAxMjM0NTY3ODkw==', 'EJIDATARIO', 'https://placehold.co/150x150/e94560/FFF?text=AP'),
(45, 'natalia_campos', 'AQAAAAEAACcQAAAAELjEyMzQ1Njc4OTAxMjM0NTY3ODkw==', 'CONTADOR', 'https://placehold.co/150x150/533483/FFF?text=NC'),
(46, 'saul_rios', 'AQAAAAEAACcQAAAAELjEyMzQ1Njc4OTAxMjM0NTY3ODkw==', 'EJIDATARIO', 'https://placehold.co/150x150/1a1a2e/FFF?text=SR'),
(47, 'adriana_escobar', 'AQAAAAEAACcQAAAAELjEyMzQ1Njc4OTAxMjM0NTY3ODkw==', 'EJIDATARIO', 'https://placehold.co/150x150/16213e/FFF?text=AEsc'),
(48, 'octavio_silva', 'AQAAAAEAACcQAAAAELjEyMzQ1Njc4OTAxMjM0NTY3ODkw==', 'COMISARIO', 'https://placehold.co/150x150/0f3460/FFF?text=OS'),
(49, 'virginia_galvan', 'AQAAAAEAACcQAAAAELjEyMzQ1Njc4OTAxMjM0NTY3ODkw==', 'EJIDATARIO', 'https://placehold.co/150x150/e94560/FFF?text=VG'),
(50, 'bryan_mendoza', 'AQAAAAEAACcQAAAAELjEyMzQ1Njc4OTAxMjM0NTY3ODkw==', 'VIGILANTE', 'https://placehold.co/150x150/533483/FFF?text=BM'),
(51, 'karina_cervera', 'AQAAAAEAACcQAAAAELjEyMzQ1Njc4OTAxMjM0NTY3ODkw==', 'EJIDATARIO', 'https://placehold.co/150x150/1a1a2e/FFF?text=KC'),
(52, 'marvin_solano', 'AQAAAAEAACcQAAAAELjEyMzQ1Njc4OTAxMjM0NTY3ODkw==', 'EJIDATARIO', 'https://placehold.co/150x150/16213e/FFF?text=MS'),
(53, 'german_delgado', 'AQAAAAEAACcQAAAAELjEyMzQ1Njc4OTAxMjM0NTY3ODkw==', 'SECRETARIO', 'https://placehold.co/150x150/0f3460/FFF?text=GD'),
(54, 'nora_robledo', 'AQAAAAEAACcQAAAAELjEyMzQ1Njc4OTAxMjM0NTY3ODkw==', 'CONTADOR', 'https://placehold.co/150x150/e94560/FFF?text=NR'),
(55, 'erick_lira', 'AQAAAAEAACcQAAAAELjEyMzQ1Njc4OTAxMjM0NTY3ODkw==', 'EJIDATARIO', 'https://placehold.co/150x150/533483/FFF?text=EL'),
(56, 'diana_corona', 'AQAAAAEAACcQAAAAELjEyMzQ1Njc4OTAxMjM0NTY3ODkw==', 'EJIDATARIO', 'https://placehold.co/150x150/1a1a2e/FFF?text=DC'),
(57, 'aldo_martinez', 'AQAAAAEAACcQAAAAELjEyMzQ1Njc4OTAxMjM0NTY3ODkw==', 'EJIDATARIO', 'https://placehold.co/150x150/16213e/FFF?text=AM'),
(58, 'mayra_cardenas', 'AQAAAAEAACcQAAAAELjEyMzQ1Njc4OTAxMjM0NTY3ODkw==', 'VIGILANTE', 'https://placehold.co/150x150/0f3460/FFF?text=MC'),
(59, 'gustavo_orozco', 'AQAAAAEAACcQAAAAELjEyMzQ1Njc4OTAxMjM0NTY3ODkw==', 'EJIDATARIO', 'https://placehold.co/150x150/e94560/FFF?text=GO'),
(60, 'liliana_castro', 'AQAAAAEAACcQAAAAELjEyMzQ1Njc4OTAxMjM0NTY3ODkw==', 'EJIDATARIO', 'https://placehold.co/150x150/533483/FFF?text=LC'),
(61, 'sergio_uribe', 'AQAAAAEAACcQAAAAELjEyMzQ1Njc4OTAxMjM0NTY3ODkw==', 'SECRETARIO', 'https://placehold.co/150x150/1a1a2e/FFF?text=SU'),
(62, 'karen_vasquez', 'AQAAAAEAACcQAAAAELjEyMzQ1Njc4OTAxMjM0NTY3ODkw==', 'CONTADOR', 'https://placehold.co/150x150/16213e/FFF?text=KV'),
(63, 'dario_bautista', 'AQAAAAEAACcQAAAAELjEyMzQ1Njc4OTAxMjM0NTY3ODkw==', 'EJIDATARIO', 'https://placehold.co/150x150/0f3460/FFF?text=DB'),
(64, 'lourdes_macias', 'AQAAAAEAACcQAAAAELjEyMzQ1Njc4OTAxMjM0NTY3ODkw==', 'EJIDATARIO', 'https://placehold.co/150x150/e94560/FFF?text=LM'),
(65, 'hugo_zamora', 'AQAAAAEAACcQAAAAELjEyMzQ1Njc4OTAxMjM0NTY3ODkw==', 'EJIDATARIO', 'https://placehold.co/150x150/533483/FFF?text=HZ'),
(66, 'irene_herrera', 'AQAAAAEAACcQAAAAELjEyMzQ1Njc4OTAxMjM0NTY3ODkw==', 'VIGILANTE', 'https://placehold.co/150x150/1a1a2e/FFF?text=IH'),
(67, 'alfredo_lorenzo', 'AQAAAAEAACcQAAAAELjEyMzQ1Njc4OTAxMjM0NTY3ODkw==', 'EJIDATARIO', 'https://placehold.co/150x150/16213e/FFF?text=ALo'),
(68, 'rosario_gamboa', 'AQAAAAEAACcQAAAAELjEyMzQ1Njc4OTAxMjM0NTY3ODkw==', 'EJIDATARIO', 'https://placehold.co/150x150/0f3460/FFF?text=RG'),
(69, 'rafael_cortez', 'AQAAAAEAACcQAAAAELjEyMzQ1Njc4OTAxMjM0NTY3ODkw==', 'EJIDATARIO', 'https://placehold.co/150x150/e94560/FFF?text=RCt'),
(70, 'estela_aguayo', 'AQAAAAEAACcQAAAAELjEyMzQ1Njc4OTAxMjM0NTY3ODkw==', 'SECRETARIA', 'https://placehold.co/150x150/533483/FFF?text=EA'),
(71, 'tomas_benitez', 'AQAAAAEAACcQAAAAELjEyMzQ1Njc4OTAxMjM0NTY3ODkw==', 'COMISARIO', 'https://placehold.co/150x150/1a1a2e/FFF?text=TB'),
(72, 'anita_suarez', 'AQAAAAEAACcQAAAAELjEyMzQ1Njc4OTAxMjM0NTY3ODkw==', 'CONTADOR', 'https://placehold.co/150x150/16213e/FFF?text=ASu'),
(73, 'ivan_paredes', 'AQAAAAEAACcQAAAAELjEyMzQ1Njc4OTAxMjM0NTY3ODkw==', 'EJIDATARIO', 'https://placehold.co/150x150/0f3460/FFF?text=IP'),
(74, 'magdalena_vergara', 'AQAAAAEAACcQAAAAELjEyMzQ1Njc4OTAxMjM0NTY3ODkw==', 'EJIDATARIO', 'https://placehold.co/150x150/e94560/FFF?text=MV'),
(75, 'cristian_leon', 'AQAAAAEAACcQAAAAELjEyMzQ1Njc4OTAxMjM0NTY3ODkw==', 'VIGILANTE', 'https://placehold.co/150x150/533483/FFF?text=CL'),
(76, 'sofia_canales', 'AQAAAAEAACcQAAAAELjEyMzQ1Njc4OTAxMjM0NTY3ODkw==', 'EJIDATARIO', 'https://placehold.co/150x150/1a1a2e/FFF?text=SC'),
(77, 'emilio_aguilar', 'AQAAAAEAACcQAAAAELjEyMzQ1Njc4OTAxMjM0NTY3ODkw==', 'EJIDATARIO', 'https://placehold.co/150x150/16213e/FFF?text=EA'),
(78, 'rosalba_peña', 'AQAAAAEAACcQAAAAELjEyMzQ1Njc4OTAxMjM0NTY3ODkw==', 'EJIDATARIO', 'https://placehold.co/150x150/0f3460/FFF?text=RP'),
(79, 'julian_contreras', 'AQAAAAEAACcQAAAAELjEyMzQ1Njc4OTAxMjM0NTY3ODkw==', 'SECRETARIO', 'https://placehold.co/150x150/e94560/FFF?text=JCt'),
(80, 'pilar_marroquin', 'AQAAAAEAACcQAAAAELjEyMzQ1Njc4OTAxMjM0NTY3ODkw==', 'CONTADOR', 'https://placehold.co/150x150/533483/FFF?text=PM'),
(81, 'alejandro_montoya', 'AQAAAAEAACcQAAAAELjEyMzQ1Njc4OTAxMjM0NTY3ODkw==', 'EJIDATARIO', 'https://placehold.co/150x150/1a1a2e/FFF?text=AMo'),
(82, 'teresa_espinoza', 'AQAAAAEAACcQAAAAELjEyMzQ1Njc4OTAxMjM0NTY3ODkw==', 'EJIDATARIO', 'https://placehold.co/150x150/16213e/FFF?text=TE'),
(83, 'francisco_javier_vera', 'AQAAAAEAACcQAAAAELjEyMzQ1Njc4OTAxMjM0NTY3ODkw==', 'EJIDATARIO', 'https://placehold.co/150x150/0f3460/FFF?text=FJV'),
(84, 'sonia_terrones', 'AQAAAAEAACcQAAAAELjEyMzQ1Njc4OTAxMjM0NTY3ODkw==', 'VIGILANTE', 'https://placehold.co/150x150/e94560/FFF?text=ST'),
(85, 'alvaro_leyva', 'AQAAAAEAACcQAAAAELjEyMzQ1Njc4OTAxMjM0NTY3ODkw==', 'EJIDATARIO', 'https://placehold.co/150x150/533483/FFF?text=AL'),
(86, 'miriam_zavala', 'AQAAAAEAACcQAAAAELjEyMzQ1Njc4OTAxMjM0NTY3ODkw==', 'EJIDATARIO', 'https://placehold.co/150x150/1a1a2e/FFF?text=MZ'),
(87, 'renato_saenz', 'AQAAAAEAACcQAAAAELjEyMzQ1Njc4OTAxMjM0NTY3ODkw==', 'SECRETARIO', 'https://placehold.co/150x150/16213e/FFF?text=RS'),
(88, 'catalina_berrios', 'AQAAAAEAACcQAAAAELjEyMzQ1Njc4OTAxMjM0NTY3ODkw==', 'CONTADOR', 'https://placehold.co/150x150/0f3460/FFF?text=CB'),
(89, 'ulises_guzman', 'AQAAAAEAACcQAAAAELjEyMzQ1Njc4OTAxMjM0NTY3ODkw==', 'EJIDATARIO', 'https://placehold.co/150x150/e94560/FFF?text=UG'),
(90, 'evangelina_reyes', 'AQAAAAEAACcQAAAAELjEyMzQ1Njc4OTAxMjM0NTY3ODkw==', 'EJIDATARIO', 'https://placehold.co/150x150/533483/FFF?text=ER'),
(91, 'daniel_bello', 'AQAAAAEAACcQAAAAELjEyMzQ1Njc4OTAxMjM0NTY3ODkw==', 'EJIDATARIO', 'https://placehold.co/150x150/1a1a2e/FFF?text=DB'),
(92, 'lorena_manriquez', 'AQAAAAEAACcQAAAAELjEyMzQ1Njc4OTAxMjM0NTY3ODkw==', 'VIGILANTE', 'https://placehold.co/150x150/16213e/FFF?text=LM'),
(93, 'eugenio_saldivar', 'AQAAAAEAACcQAAAAELjEyMzQ1Njc4OTAxMjM0NTY3ODkw==', 'EJIDATARIO', 'https://placehold.co/150x150/0f3460/FFF?text=ES'),
(94, 'maricela_luna', 'AQAAAAEAACcQAAAAELjEyMzQ1Njc4OTAxMjM0NTY3ODkw==', 'EJIDATARIO', 'https://placehold.co/150x150/e94560/FFF?text=MLu'),
(95, 'jonathan_chavez', 'AQAAAAEAACcQAAAAELjEyMzQ1Njc4OTAxMjM0NTY3ODkw==', 'EJIDATARIO', 'https://placehold.co/150x150/533483/FFF?text=JC'),
(96, 'guadalupe_rangel', 'AQAAAAEAACcQAAAAELjEyMzQ1Njc4OTAxMjM0NTY3ODkw==', 'SECRETARIA', 'https://placehold.co/150x150/1a1a2e/FFF?text=GR'),
(97, 'santiago_rosales', 'AQAAAAEAACcQAAAAELjEyMzQ1Njc4OTAxMjM0NTY3ODkw==', 'COMISARIO', 'https://placehold.co/150x150/16213e/FFF?text=SR'),
(98, 'elisa_fuentes', 'AQAAAAEAACcQAAAAELjEyMzQ1Njc4OTAxMjM0NTY3ODkw==', 'CONTADOR', 'https://placehold.co/150x150/0f3460/FFF?text=EF'),
(99, 'benjamin_salinas', 'AQAAAAEAACcQAAAAELjEyMzQ1Njc4OTAxMjM0NTY3ODkw==', 'EJIDATARIO', 'https://placehold.co/150x150/e94560/FFF?text=BS'),
(100, 'cynthia_valdez', 'AQAAAAEAACcQAAAAELjEyMzQ1Njc4OTAxMjM0NTY3ODkw==', 'EJIDATARIO', 'https://placehold.co/150x150/533483/FFF?text=CV');

-- ============================================
-- EMPLEADOS (100 registros)
-- ============================================
INSERT INTO empleados (id_empleado, nombre, ap_p, ap_m, area, funcion) VALUES
(1, 'Juan', 'Pérez', 'García', 'ADMINISTRACION', 'Secretario'),
(2, 'María', 'López', 'Hernández', 'ADMINISTRACION', 'Contador'),
(3, 'Carlos', 'García', 'Martínez', 'VIGILANCIA', 'Vigilante'),
(4, 'Rosa', 'Martínez', 'Rodríguez', 'ADMINISTRACION', 'Atención al Público'),
(5, 'José', 'Rodríguez', 'Sánchez', 'COMISARIA', 'Comisario Ejidal'),
(6, 'Ana', 'Sánchez', 'Torres', 'ADMINISTRACION', 'Secretaria'),
(7, 'Luis', 'González', 'Ramírez', 'TESORERIA', 'Tesorero'),
(8, 'Elena', 'Ramírez', 'Gutiérrez', 'ADMINISTRACION', 'Archivo'),
(9, 'David', 'Torres', 'Flores', 'VIGILANCIA', 'Vigilante'),
(10, 'Patricia', 'Flores', 'Morales', 'ADMINISTRACION', 'Recepción'),
(11, 'Francisco', 'Luna', 'Jiménez', 'COMISARIA', 'Asesor Legal'),
(12, 'Marta', 'Díaz', 'Ruiz', 'TESORERIA', 'Cobros'),
(13, 'Javier', 'Cruz', 'Navarro', 'VIGILANCIA', 'Coordinador de Vigilancia'),
(14, 'Sara', 'Morales', 'Castillo', 'ADMINISTRACION', 'Secretaria Ejecutiva'),
(15, 'Manuel', 'Gutiérrez', 'Ortega', 'VIGILANCIA', 'Vigilante'),
(16, 'Laura', 'Ortega', 'Reyes', 'TESORERIA', 'Contabilidad'),
(17, 'Enrique', 'Ruiz', 'Aguilar', 'COMISARIA', 'Comisario Suplente'),
(18, 'Carmen', 'Hernández', 'Mendoza', 'ADMINISTRACION', 'Archivo'),
(19, 'Raúl', 'Castillo', 'Vega', 'VIGILANCIA', 'Vigilante'),
(20, 'Isabel', 'Gómez', 'Delgado', 'ADMINISTRACION', 'Atención'),
(21, 'Fernando', 'Medina', 'Soto', 'TESORERIA', 'Pagos'),
(22, 'Verónica', 'Romero', 'Mora', 'ADMINISTRACION', 'Secretaria'),
(23, 'Gabriel', 'Vargas', 'Cárdenas', 'VIGILANCIA', 'Jefe de Vigilancia'),
(24, 'Ángela', 'López', 'Cortés', 'ADMINISTRACION', 'Recepción'),
(25, 'Óscar', 'Hidalgo', 'Flores', 'COMISARIA', 'Asesor'),
(26, 'Silvia', 'Álvarez', 'Ramos', 'ADMINISTRACION', 'Archivo'),
(27, 'Ricardo', 'Méndez', 'López', 'TESORERIA', 'Cobranza'),
(28, 'Claudia', 'Navarro', 'Cortés', 'ADMINISTRACION', 'Contabilidad'),
(29, 'Arturo', 'Guerrero', 'Sandoval', 'VIGILANCIA', 'Vigilante'),
(30, 'María del Carmen', 'Salazar', 'Jiménez', 'ADMINISTRACION', 'Secretaria'),
(31, 'Armando', 'Rivera', 'Mendoza', 'COMISARIA', 'Secretario'),
(32, 'Elizabeth', 'Soto', 'Oliva', 'TESORERIA', 'Cobros'),
(33, 'Víctor', 'Moreno', 'Ramos', 'VIGILANCIA', 'Vigilante'),
(34, 'Mónica', 'Jiménez', 'Molina', 'ADMINISTRACION', 'Atención al Público'),
(35, 'Jorge', 'Arias', 'Cortés', 'ADMINISTRACION', 'Coordinador'),
(36, 'Alejandra', 'Santos', 'Rojas', 'TESORERIA', 'Contabilidad'),
(37, 'Eduardo', 'Vega', 'Luna', 'VIGILANCIA', 'Vigilante'),
(38, 'Gloria', 'Lara', 'Miranda', 'ADMINISTRACION', 'Archivo'),
(39, 'Marco', 'Antúnez', 'Zúñiga', 'COMISARIA', 'Asesor Legal'),
(40, 'Esther', 'Dominguez', 'Cortés', 'ADMINISTRACION', 'Recepción'),
(41, 'Ignacio', 'Molina', 'Padilla', 'VIGILANCIA', 'Vigilante'),
(42, 'Yolanda', 'Ibarra', 'Herrera', 'TESORERIA', 'Pagos'),
(43, 'Alonso', 'Palacios', 'Aguirre', 'ADMINISTRACION', 'Atención'),
(44, 'Natalia', 'Campos', 'Linares', 'ADMINISTRACION', 'Secretaria'),
(45, 'Saúl', 'Rios', 'Estévez', 'VIGILANCIA', 'Vigilante'),
(46, 'Adriana', 'Escobar', 'Valencia', 'TESORERIA', 'Cobranza'),
(47, 'Octavio', 'Silva', 'Muñoz', 'COMISARIA', 'Comisario'),
(48, 'Virginia', 'Galván', 'Sánchez', 'ADMINISTRACION', 'Archivo'),
(49, 'Bryan', 'Mendoza', 'Arias', 'VIGILANCIA', 'Vigilante'),
(50, 'Karina', 'Cervera', 'Flores', 'ADMINISTRACION', 'Recepción'),
(51, 'Marvin', 'Solano', 'García', 'ADMINISTRACION', 'Atención'),
(52, 'Germán', 'Delgado', 'Cruz', 'TESORERIA', 'Contabilidad'),
(53, 'Nora', 'Robledo', 'León', 'ADMINISTRACION', 'Secretaria'),
(54, 'Erick', 'Lira', 'Cortés', 'VIGILANCIA', 'Vigilante'),
(55, 'Diana', 'Corona', 'Báez', 'ADMINISTRACION', 'Archivo'),
(56, 'Aldo', 'Martínez', 'Sánchez', 'TESORERIA', 'Cobros'),
(57, 'Mayra', 'Cárdenas', 'Vigil', 'ADMINISTRACION', 'Atención'),
(58, 'Gustavo', 'Orozco', 'Nava', 'COMISARIA', 'Asesor'),
(59, 'Liliana', 'Castro', 'López', 'ADMINISTRACION', 'Recepción'),
(60, 'Sergio', 'Uribe', 'Álvarez', 'VIGILANCIA', 'Jefe'),
(61, 'Karen', 'Vásquez', 'Campos', 'TESORERIA', 'Pagos'),
(62, 'Darío', 'Bautista', 'Reyes', 'ADMINISTRACION', 'Archivo'),
(63, 'Lourdes', 'Macías', 'Guzmán', 'ADMINISTRACION', 'Secretaria'),
(64, 'Hugo', 'Zamora', 'Rivera', 'VIGILANCIA', 'Vigilante'),
(65, 'Irene', 'Herrera', 'Lozano', 'ADMINISTRACION', 'Atención'),
(66, 'Alfredo', 'Lorenzo', 'Santana', 'TESORERIA', 'Contabilidad'),
(67, 'Rosario', 'Gamboa', 'Acevedo', 'ADMINISTRACION', 'Archivo'),
(68, 'Rafael', 'Cortés', 'Trujillo', 'VIGILANCIA', 'Vigilante'),
(69, 'Estela', 'Aguayo', 'Mendoza', 'ADMINISTRACION', 'Recepción'),
(70, 'Tomás', 'Benítez', 'Cárdenas', 'COMISARIA', 'Comisario'),
(71, 'Anita', 'Suárez', 'López', 'TESORERIA', 'Cobranza'),
(72, 'Iván', 'Paredes', 'Romo', 'ADMINISTRACION', 'Atención'),
(73, 'Magdalena', 'Vergara', 'Romero', 'ADMINISTRACION', 'Secretaria'),
(74, 'Cristián', 'León', 'Segovia', 'VIGILANCIA', 'Vigilante'),
(75, 'Sofía', 'Canales', 'Arce', 'ADMINISTRACION', 'Archivo'),
(76, 'Emilio', 'Aguilar', 'Campos', 'TESORERIA', 'Cobros'),
(77, 'Rosalba', 'Peña', 'López', 'ADMINISTRACION', 'Atención'),
(78, 'Julián', 'Contreras', 'Ochoa', 'VIGILANCIA', 'Vigilante'),
(79, 'Pilar', 'Marrroquín', 'Reyes', 'ADMINISTRACION', 'Recepción'),
(80, 'Alejandro', 'Montoya', 'Sánchez', 'ADMINISTRACION', 'Coordinador'),
(81, 'Teresa', 'Espinoza', 'Ramos', 'TESORERIA', 'Contabilidad'),
(82, 'Francisco Javier', 'Vera', 'Rodríguez', 'VIGILANCIA', 'Vigilante'),
(83, 'Sonia', 'Terrones', 'García', 'ADMINISTRACION', 'Archivo'),
(84, 'Álvaro', 'Leyva', 'Maldonado', 'COMISARIA', 'Asesor'),
(85, 'Miriam', 'Zavala', 'Cortés', 'ADMINISTRACION', 'Secretaria'),
(86, 'Renato', 'Sáenz', 'Vigil', 'TESORERIA', 'Pagos'),
(87, 'Catalina', 'Berrios', 'Navarro', 'ADMINISTRACION', 'Atención'),
(88, 'Ulises', 'Guzmán', 'Paredes', 'VIGILANCIA', 'Vigilante'),
(89, 'Evangelina', 'Reyes', 'Cortés', 'ADMINISTRACION', 'Archivo'),
(90, 'Daniel', 'Bello', 'Aguirre', 'ADMINISTRACION', 'Recepción'),
(91, 'Lorena', 'Manríquez', 'Muñoz', 'TESORERIA', 'Cobros'),
(92, 'Eugenio', 'Saldivar', 'Reyes', 'VIGILANCIA', 'Vigilante'),
(93, 'Maricela', 'Luna', 'García', 'ADMINISTRACION', 'Atención'),
(94, 'Jonathan', 'Chávez', 'Mendoza', 'ADMINISTRACION', 'Secretario'),
(95, 'Guadalupe', 'Rangel', 'López', 'ADMINISTRACION', 'Archivo'),
(96, 'Santiago', 'Rosales', 'Flores', 'COMISARIA', 'Comisario'),
(97, 'Elisa', 'Fuentes', 'Aguilar', 'TESORERIA', 'Contabilidad'),
(98, 'Benjamín', 'Salinas', 'Mora', 'ADMINISTRACION', 'Atención'),
(99, 'Cynthia', 'Valdés', 'Ramos', 'ADMINISTRACION', 'Recepción'),
(100, 'Pedro', 'Ávila', 'González', 'VIGILANCIA', 'Vigilante');

-- ============================================
-- EJIDOS (100 registros)
-- ============================================
INSERT INTO ejidos (id_ejido, nombre, superficie, uso, municipio_id) VALUES
(1, 'Ejido San Miguel', '150.50', 'AGRÍCOLA', 1),
(2, 'Ejido La Esperanza', '200.75', 'GANADERO', 2),
(3, 'Ejido Los Pinos', '180.25', 'AGRÍCOLA', 3),
(4, 'Ejido Santa María', '220.00', 'MIXTO', 4),
(5, 'Ejido San José', '190.50', 'AGRÍCOLA', 5),
(6, 'Ejido La Guadalupana', '160.80', 'GANADERO', 6),
(7, 'Ejido El Rosario', '210.30', 'AGRÍCOLA', 7),
(8, 'Ejido San Francisco', '175.60', 'MIXTO', 8),
(9, 'Ejido Las Flores', '195.40', 'AGRÍCOLA', 9),
(10, 'Ejido El Palomar', '185.90', 'GANADERO', 10),
(11, 'Ejido Buenos Aires', '230.70', 'AGRÍCOLA', 11),
(12, 'Ejido La Victoria', '205.20', 'MIXTO', 12),
(13, 'Ejido San Pedro', '170.50', 'AGRÍCOLA', 13),
(14, 'Ejido Las Lajas', '240.80', 'GANADERO', 14),
(15, 'Ejido El Calvario', '155.30', 'AGRÍCOLA', 15),
(16, 'Ejido San Antonio', '265.60', 'MIXTO', 16),
(17, 'Ejido La Primavera', '145.90', 'AGRÍCOLA', 17),
(18, 'Ejido Las Huertas', '225.40', 'GANADERO', 18),
(19, 'Ejido El Chaparral', '190.70', 'AGRÍCOLA', 19),
(20, 'Ejido San Juan', '255.20', 'MIXTO', 20),
(21, 'Ejido La Lagunita', '165.80', 'AGRÍCOLA', 21),
(22, 'Ejido El Terrero', '215.50', 'GANADERO', 22),
(23, 'Ejido Las Adjuntas', '235.90', 'AGRÍCOLA', 23),
(24, 'Ejido El Salitre', '180.30', 'MIXTO', 24),
(25, 'Ejido San Lorenzo', '245.70', 'AGRÍCOLA', 25),
(26, 'Ejido La Cruz', '160.40', 'GANADERO', 26),
(27, 'Ejido El Zanjón', '275.60', 'AGRÍCOLA', 27),
(28, 'Ejido Las Truchas', '195.80', 'MIXTO', 28),
(29, 'Ejido El Puertecito', '210.90', 'AGRÍCOLA', 29),
(30, 'Ejido San Jerónimo', '185.50', 'GANADERO', 30),
(31, 'Ejido La Joya', '260.30', 'AGRÍCOLA', 31),
(32, 'Ejido El Borrego', '170.70', 'MIXTO', 32),
(33, 'Ejido Los Alamitos', '225.40', 'AGRÍCOLA', 33),
(34, 'Ejido San Rafael', '190.60', 'GANADERO', 34),
(35, 'Ejido El Coyote', '250.80', 'AGRÍCOLA', 35),
(36, 'Ejido La Presa', '175.30', 'MIXTO', 36),
(37, 'Ejido El Portezuelo', '215.90', 'AGRÍCOLA', 37),
(38, 'Ejido Las Margaritas', '235.50', 'GANADERO', 38),
(39, 'Ejido San Vicente', '195.70', 'AGRÍCOLA', 39),
(40, 'Ejido El Llano', '270.40', 'MIXTO', 40),
(41, 'Ejido La Pechuga', '160.80', 'AGRÍCOLA', 41),
(42, 'Ejido El Chicharro', '225.60', 'GANADERO', 42),
(43, 'Ejido Los Fresnos', '180.30', 'AGRÍCOLA', 43),
(44, 'Ejido San Andrés', '255.90', 'MIXTO', 44),
(45, 'Ejido El Jocoyote', '190.50', 'AGRÍCOLA', 45),
(46, 'Ejido La Tinaja', '240.70', 'GANADERO', 46),
(47, 'Ejido El Pedregal', '165.40', 'AGRÍCOLA', 47),
(48, 'Ejido Las Najeras', '285.60', 'MIXTO', 48),
(49, 'Ejido San Martín', '175.80', 'AGRÍCOLA', 49),
(50, 'Ejido El Abrevadero', '210.30', 'GANADERO', 50),
(51, 'Ejido La Laguna', '220.50', 'AGRÍCOLA', 51),
(52, 'Ejido El Sabino', '195.90', 'MIXTO', 52),
(53, 'Ejido Los Colorines', '230.70', 'AGRÍCOLA', 53),
(54, 'Ejido San Benito', '185.40', 'GANADERO', 54),
(55, 'Ejido El Toril', '265.80', 'AGRÍCOLA', 55),
(56, 'Ejido La Soledad', '170.60', 'MIXTO', 56),
(57, 'Ejido El Guayabal', '240.30', 'AGRÍCOLA', 57),
(58, 'Ejido Las Camelias', '200.90', 'GANADERO', 58),
(59, 'Ejido San Gaspar', '215.50', 'AGRÍCOLA', 59),
(60, 'Ejido El Encinal', '180.70', 'MIXTO', 60),
(61, 'Ejido La Rinconada', '255.40', 'AGRÍCOLA', 61),
(62, 'Ejido El Cerrito', '190.80', 'GANADERO', 62),
(63, 'Ejido Los Horcones', '225.60', 'AGRÍCOLA', 63),
(64, 'Ejido San Diego', '165.30', 'MIXTO', 64),
(65, 'Ejido El Saucillo', '275.90', 'AGRÍCOLA', 65),
(66, 'Ejido La Carbonera', '175.50', 'GANADERO', 66),
(67, 'Ejido El Pinal', '240.70', 'AGRÍCOLA', 67),
(68, 'Ejido Las Calabazas', '195.40', 'MIXTO', 68),
(69, 'Ejido San Eugenio', '260.80', 'AGRÍCOLA', 69),
(70, 'Ejido El Carrizal', '185.60', 'GANADERO', 70),
(71, 'Ejido La Loma', '220.30', 'AGRÍCOLA', 71),
(72, 'Ejido El Mulato', '170.90', 'MIXTO', 72),
(73, 'Ejido Los Tepetates', '235.50', 'AGRÍCOLA', 73),
(74, 'Ejido San Alejo', '200.70', 'GANADERO', 74),
(75, 'Ejido El Tular', '265.40', 'AGRÍCOLA', 75),
(76, 'Ejido La Esperanza Alta', '180.30', 'MIXTO', 76),
(77, 'Ejido El Potrero', '215.80', 'AGRÍCOLA', 77),
(78, 'Ejido Las Lagunillas', '190.60', 'GANADERO', 78),
(79, 'Ejido San Cristóbal', '255.90', 'AGRÍCOLA', 79),
(80, 'Ejido El Ojo de Agua', '175.40', 'MIXTO', 80),
(81, 'Ejido La Palma', '240.60', 'AGRÍCOLA', 81),
(82, 'Ejido El Tablon', '195.70', 'GANADERO', 82),
(83, 'Ejido Los Portales', '225.30', 'AGRÍCOLA', 83),
(84, 'Ejido San Marcos', '165.80', 'MIXTO', 84),
(85, 'Ejido El Guajolote', '270.50', 'AGRÍCOLA', 85),
(86, 'Ejido La Bandera', '180.90', 'GANADERO', 86),
(87, 'Ejido El Cerezo', '215.40', 'AGRÍCOLA', 87),
(88, 'Ejido Las Juntas', '200.60', 'MIXTO', 88),
(89, 'Ejido San Pablo', '235.70', 'AGRÍCOLA', 89),
(90, 'Ejido El Tepehuaje', '190.50', 'GANADERO', 90),
(91, 'Ejido La Poza', '260.30', 'AGRÍCOLA', 91),
(92, 'Ejido El Ocotal', '175.80', 'MIXTO', 92),
(93, 'Ejido Los Chivos', '225.60', 'AGRÍCOLA', 93),
(94, 'Ejido San Joaquín', '195.40', 'GANADERO', 94),
(95, 'Ejido El Chaparralito', '240.90', 'AGRÍCOLA', 95),
(96, 'Ejido La Ciénega', '165.70', 'MIXTO', 96),
(97, 'Ejido El Pilón', '285.50', 'AGRÍCOLA', 97),
(98, 'Ejido Las Manzones', '180.30', 'GANADERO', 98),
(99, 'Ejido San José de la Peña', '215.80', 'AGRÍCOLA', 99),
(100, 'Ejido El Ranchito', '200.50', 'MIXTO', 100);

-- ============================================
-- EJIDATARIOS (100 registros)
-- ============================================
INSERT INTO ejidatarios (id_ejidatario, nombre, ap_p, ap_m, estatus) VALUES
(1, 'Juan', 'Pérez', 'García', 'ACTIVO'),
(2, 'María', 'López', 'Hernández', 'ACTIVO'),
(3, 'Carlos', 'García', 'Martínez', 'ACTIVO'),
(4, 'Rosa', 'Martínez', 'Rodríguez', 'ACTIVO'),
(5, 'José', 'Rodríguez', 'Sánchez', 'ACTIVO'),
(6, 'Ana', 'Sánchez', 'Torres', 'INACTIVO'),
(7, 'Luis', 'González', 'Ramírez', 'ACTIVO'),
(8, 'Elena', 'Ramírez', 'Gutiérrez', 'ACTIVO'),
(9, 'David', 'Torres', 'Flores', 'ACTIVO'),
(10, 'Patricia', 'Flores', 'Morales', 'ACTIVO'),
(11, 'Francisco', 'Luna', 'Jiménez', 'ACTIVO'),
(12, 'Marta', 'Díaz', 'Ruiz', 'ACTIVO'),
(13, 'Javier', 'Cruz', 'Navarro', 'INACTIVO'),
(14, 'Sara', 'Morales', 'Castillo', 'ACTIVO'),
(15, 'Manuel', 'Gutiérrez', 'Ortega', 'ACTIVO'),
(16, 'Laura', 'Ortega', 'Reyes', 'ACTIVO'),
(17, 'Enrique', 'Ruiz', 'Aguilar', 'ACTIVO'),
(18, 'Carmen', 'Hernández', 'Mendoza', 'ACTIVO'),
(19, 'Raúl', 'Castillo', 'Vega', 'ACTIVO'),
(20, 'Isabel', 'Gómez', 'Delgado', 'INACTIVO'),
(21, 'Fernando', 'Medina', 'Soto', 'ACTIVO'),
(22, 'Verónica', 'Romero', 'Mora', 'ACTIVO'),
(23, 'Gabriel', 'Vargas', 'Cárdenas', 'ACTIVO'),
(24, 'Ángela', 'López', 'Cortés', 'ACTIVO'),
(25, 'Óscar', 'Hidalgo', 'Flores', 'ACTIVO'),
(26, 'Silvia', 'Álvarez', 'Ramos', 'ACTIVO'),
(27, 'Ricardo', 'Méndez', 'López', 'INACTIVO'),
(28, 'Claudia', 'Navarro', 'Cortés', 'ACTIVO'),
(29, 'Arturo', 'Guerrero', 'Sandoval', 'ACTIVO'),
(30, 'María del Carmen', 'Salazar', 'Jiménez', 'ACTIVO'),
(31, 'Armando', 'Rivera', 'Mendoza', 'ACTIVO'),
(32, 'Elizabeth', 'Soto', 'Oliva', 'ACTIVO'),
(33, 'Víctor', 'Moreno', 'Ramos', 'ACTIVO'),
(34, 'Mónica', 'Jiménez', 'Molina', 'INACTIVO'),
(35, 'Jorge', 'Arias', 'Cortés', 'ACTIVO'),
(36, 'Alejandra', 'Santos', 'Rojas', 'ACTIVO'),
(37, 'Eduardo', 'Vega', 'Luna', 'ACTIVO'),
(38, 'Gloria', 'Lara', 'Miranda', 'ACTIVO'),
(39, 'Marco', 'Antúnez', 'Zúñiga', 'ACTIVO'),
(40, 'Esther', 'Dominguez', 'Cortés', 'ACTIVO'),
(41, 'Ignacio', 'Molina', 'Padilla', 'INACTIVO'),
(42, 'Yolanda', 'Ibarra', 'Herrera', 'ACTIVO'),
(43, 'Alonso', 'Palacios', 'Aguirre', 'ACTIVO'),
(44, 'Natalia', 'Campos', 'Linares', 'ACTIVO'),
(45, 'Saúl', 'Rios', 'Estévez', 'ACTIVO'),
(46, 'Adriana', 'Escobar', 'Valencia', 'ACTIVO'),
(47, 'Octavio', 'Silva', 'Muñoz', 'ACTIVO'),
(48, 'Virginia', 'Galván', 'Sánchez', 'INACTIVO'),
(49, 'Bryan', 'Mendoza', 'Arias', 'ACTIVO'),
(50, 'Karina', 'Cervera', 'Flores', 'ACTIVO'),
(51, 'Marvin', 'Solano', 'García', 'ACTIVO'),
(52, 'Germán', 'Delgado', 'Cruz', 'ACTIVO'),
(53, 'Nora', 'Robledo', 'León', 'ACTIVO'),
(54, 'Erick', 'Lira', 'Cortés', 'ACTIVO'),
(55, 'Diana', 'Corona', 'Báez', 'INACTIVO'),
(56, 'Aldo', 'Martínez', 'Sánchez', 'ACTIVO'),
(57, 'Mayra', 'Cárdenas', 'Vigil', 'ACTIVO'),
(58, 'Gustavo', 'Orozco', 'Nava', 'ACTIVO'),
(59, 'Liliana', 'Castro', 'López', 'ACTIVO'),
(60, 'Sergio', 'Uribe', 'Álvarez', 'ACTIVO'),
(61, 'Karen', 'Vásquez', 'Campos', 'ACTIVO'),
(62, 'Darío', 'Bautista', 'Reyes', 'INACTIVO'),
(63, 'Lourdes', 'Macías', 'Guzmán', 'ACTIVO'),
(64, 'Hugo', 'Zamora', 'Rivera', 'ACTIVO'),
(65, 'Irene', 'Herrera', 'Lozano', 'ACTIVO'),
(66, 'Alfredo', 'Lorenzo', 'Santana', 'ACTIVO'),
(67, 'Rosario', 'Gamboa', 'Acevedo', 'ACTIVO'),
(68, 'Rafael', 'Cortés', 'Trujillo', 'ACTIVO'),
(69, 'Estela', 'Aguayo', 'Mendoza', 'INACTIVO'),
(70, 'Tomás', 'Benítez', 'Cárdenas', 'ACTIVO'),
(71, 'Anita', 'Suárez', 'López', 'ACTIVO'),
(72, 'Iván', 'Paredes', 'Romo', 'ACTIVO'),
(73, 'Magdalena', 'Vergara', 'Romero', 'ACTIVO'),
(74, 'Cristián', 'León', 'Segovia', 'ACTIVO'),
(75, 'Sofía', 'Canales', 'Arce', 'ACTIVO'),
(76, 'Emilio', 'Aguilar', 'Campos', 'INACTIVO'),
(77, 'Rosalba', 'Peña', 'López', 'ACTIVO'),
(78, 'Julián', 'Contreras', 'Ochoa', 'ACTIVO'),
(79, 'Pilar', 'Marroquín', 'Reyes', 'ACTIVO'),
(80, 'Alejandro', 'Montoya', 'Sánchez', 'ACTIVO'),
(81, 'Teresa', 'Espinoza', 'Ramos', 'ACTIVO'),
(82, 'Francisco Javier', 'Vera', 'Rodríguez', 'ACTIVO'),
(83, 'Sonia', 'Terrones', 'García', 'INACTIVO'),
(84, 'Álvaro', 'Leyva', 'Maldonado', 'ACTIVO'),
(85, 'Miriam', 'Zavala', 'Cortés', 'ACTIVO'),
(86, 'Renato', 'Sáenz', 'Vigil', 'ACTIVO'),
(87, 'Catalina', 'Berrios', 'Navarro', 'ACTIVO'),
(88, 'Ulises', 'Guzmán', 'Paredes', 'ACTIVO'),
(89, 'Evangelina', 'Reyes', 'Cortés', 'ACTIVO'),
(90, 'Daniel', 'Bello', 'Aguirre', 'INACTIVO'),
(91, 'Lorena', 'Manríquez', 'Muñoz', 'ACTIVO'),
(92, 'Eugenio', 'Saldivar', 'Reyes', 'ACTIVO'),
(93, 'Maricela', 'Luna', 'García', 'ACTIVO'),
(94, 'Jonathan', 'Chávez', 'Mendoza', 'ACTIVO'),
(95, 'Guadalupe', 'Rangel', 'López', 'ACTIVO'),
(96, 'Santiago', 'Rosales', 'Flores', 'ACTIVO'),
(97, 'Elisa', 'Fuentes', 'Aguilar', 'INACTIVO'),
(98, 'Benjamín', 'Salinas', 'Mora', 'ACTIVO'),
(99, 'Cynthia', 'Valdés', 'Ramos', 'ACTIVO'),
(100, 'Pedro', 'Ávila', 'González', 'ACTIVO');

-- ============================================
-- EXPEDIENTES (100 registros)
-- ============================================
INSERT INTO expedientes (id_expediente, demandas, actas) VALUES
(1, 'Demanda por tierras', 'Acta de asamblea general'),
(2, 'Sin demanda', 'Acta de verificación de parcelas'),
(3, 'Demanda por agua', 'Acta de distribución de agua'),
(4, 'Sin demanda', 'Acta de elecciones'),
(5, 'Demanda por límites', 'Acta de deslinde'),
(6, 'Sin demanda', 'Acta de entrega de parcelas'),
(7, 'Demanda por herencia', 'Acta de sucesión'),
(8, 'Sin demanda', 'Acta de informe financiero'),
(9, 'Demanda por daños', 'Acta de conciliación'),
(10, 'Sin demanda', 'Acta de mantenimiento'),
(11, 'Demanda por renta', 'Acta de arrendamiento'),
(12, 'Sin demanda', 'Acta de mejora'),
(13, 'Demanda vecinal', 'Acta de acuerdo vecinal'),
(14, 'Sin demanda', 'Acta de regularización'),
(15, 'Demanda por compensación', 'Acta de negociación'),
(16, 'Sin demanda', 'Acta de inspección'),
(17, 'Demanda por venta', 'Acta de traspaso'),
(18, 'Sin demanda', 'Acta de reconocimiento'),
(19, 'Demanda por construcción', 'Acta de permiso'),
(20, 'Sin demanda', 'Acta de seguimiento'),
(21, 'Demanda por pastoreo', 'Acta de regulación ganadera'),
(22, 'Sin demanda', 'Acta de capacitación'),
(23, 'Demanda por maquinaria', 'Acta de uso de equipo'),
(24, 'Sin demanda', 'Acta de presupuesto'),
(25, 'Demanda por fertilizantes', 'Acta de distribución'),
(26, 'Sin demanda', 'Acta de evaluación'),
(27, 'Demanda por semillas', 'Acta de siembra'),
(28, 'Sin demanda', 'Acta de cosecha'),
(29, 'Demanda por almacenamiento', 'Acta de bodega'),
(30, 'Sin demanda', 'Acta de transporte'),
(31, 'Demanda por mercado', 'Acta de comercialización'),
(32, 'Sin demanda', 'Acta de reunión'),
(33, 'Demanda por crédito', 'Acta de financiamiento'),
(34, 'Sin demanda', 'Acta de inversión'),
(35, 'Demanda por seguro', 'Acta de aseguramiento'),
(36, 'Sin demanda', 'Acta de siniestro'),
(37, 'Demanda por energía', 'Acta de electricidad'),
(38, 'Sin demanda', 'Acta de conexión'),
(39, 'Demanda por camino', 'Acta de camino rural'),
(40, 'Sin demanda', 'Acta de mantenimiento vial'),
(41, 'Demanda por escuela', 'Acta educativa'),
(42, 'Sin demanda', 'Acta de gestión'),
(43, 'Demanda por clínica', 'Acta de salud'),
(44, 'Sin demanda', 'Acta de atención'),
(45, 'Demanda por agua potable', 'Acta de hidráulica'),
(46, 'Sin demanda', 'Acta de suministro'),
(47, 'Demanda por drenaje', 'Acta de saneamiento'),
(48, 'Sin demanda', 'Acta de obra'),
(49, 'Demanda por casa', 'Acta de vivienda'),
(50, 'Sin demanda', 'Acta de construcción'),
(51, 'Demanda por título', 'Acta de titulación'),
(52, 'Sin demanda', 'Acta de trámite'),
(53, 'Demanda por escrito', 'Acta de solicitud'),
(54, 'Sin demanda', 'Acta de respuesta'),
(55, 'Demanda por permiso', 'Acta de autorización'),
(56, 'Sin demanda', 'Acta de rechazo'),
(57, 'Demanda por apelación', 'Acta de reconsideración'),
(58, 'Sin demanda', 'Acta de resolución'),
(59, 'Demanda por recurso', 'Acta de revisión'),
(60, 'Sin demanda', 'Acta de apelación'),
(61, 'Demanda por arbitraje', 'Acta de mediación'),
(62, 'Sin demanda', 'Acta de acuerdo'),
(63, 'Demanda por juicio', 'Acta judicial'),
(64, 'Sin demanda', 'Acta de sentencia'),
(65, 'Demanda por ejecución', 'Acta de cumplimiento'),
(66, 'Sin demanda', 'Acta de观察'),
(67, 'Demanda por fraude', 'Acta de denuncia'),
(68, 'Sin demanda', 'Acta de investigación'),
(69, 'Demanda por robo', 'Acta de robo'),
(70, 'Sin demanda', 'Acta de inventario'),
(71, 'Demanda por asalto', 'Acta de agresión'),
(72, 'Sin demanda', 'Acta de primeros auxilios'),
(73, 'Demanda por accidente', 'Acta de emergencia'),
(74, 'Sin demanda', 'Acta de protocolo'),
(75, 'Demanda por incendio', 'Acta de fuego'),
(76, 'Sin demanda', 'Acta de prevención'),
(77, 'Demanda por inundación', 'Acta de agua'),
(78, 'Sin demanda', 'Acta de drenajes'),
(79, 'Demanda por sequía', 'Acta de falta'),
(80, 'Sin demanda', 'Acta de estrategia'),
(81, 'Demanda por plaga', 'Acta de sanidad'),
(82, 'Sin demanda', 'Acta de controls'),
(83, 'Demanda por enfermedad', 'Acta fitosanitaria'),
(84, 'Sin demanda', 'Acta de tratamiento'),
(85, 'Demanda por contaminación', 'Acta ambiental'),
(86, 'Sin demanda', 'Acta de protección'),
(87, 'Demanda por extracción', 'Acta de recursos'),
(88, 'Sin demanda', 'Acta de conservación'),
(89, 'Demanda por desperdicio', 'Acta de manejo'),
(90, 'Sin demanda', 'Acta de residuos'),
(91, 'Demanda por ruido', 'Acta de contaminación'),
(92, 'Sin demanda', 'Acta de medición'),
(93, 'Demanda por olores', 'Acta de monitoreos'),
(94, 'Sin demanda', 'Acta de calidad'),
(95, 'Demanda por textura', 'Acta de análisis'),
(96, 'Sin demanda', 'Acta de muestreo'),
(97, 'Demanda por erosión', 'Acta de desgaste'),
(98, 'Sin demanda', 'Acta de prácticas'),
(99, 'Demanda por restauración', 'Acta de recuperación'),
(100, 'Sin demanda', 'Acta de mejora continua');

-- ============================================
-- PARCELAS (100 registros)
-- ============================================
INSERT INTO parcelas (id_parcela, tamano, colindancias) VALUES
(1, '10.50 has', 'Norte: Río, Sur: Camino, Este: Ejido, Oeste: Particular'),
(2, '15.75 has', 'Norte: Cerro, Sur: Arroyo, Este: Escuela, Oeste: Ejido'),
(3, '8.25 has', 'Norte: Camino, Sur: Río, Este: Particular, Oeste: Bosque'),
(4, '12.00 has', 'Norte: Llano, Sur: Montaña, Este: Camino, Oeste: Río'),
(5, '20.50 has', 'Norte: Ejido, Sur: Carretera, Este: Bosque, Oeste: Cerro'),
(6, '9.80 has', 'Norte: Arroyo, Sur: Llano, Este: Río, Oeste: Camino'),
(7, '18.30 has', 'Norte: Camino, Sur: Cerro, Este: Llano, Oeste: Ejido'),
(8, '11.20 has', 'Norte: Río, Sur: Bosque, Este: Arroyo, Oeste: Carretera'),
(9, '14.60 has', 'Norte: Particular, Sur: Escuela, Este: Llano, Oeste: Río'),
(10, '16.40 has', 'Norte: Cerro, Sur: Camino, Este: Río, Oeste: Bosque'),
(11, '13.90 has', 'Norte: Arroyo, Sur: Llano, Este: Ejido, Oeste: Cerro'),
(12, '19.70 has', 'Norte: Camino, Sur: Río, Este: Carretera, Oeste: Particular'),
(13, '8.50 has', 'Norte: Bosque, Sur: Cerro, Este: Arroyo, Oeste: Llano'),
(14, '22.30 has', 'Norte: Llano, Sur: Camino, Este: Río, Oeste: Escuela'),
(15, '10.80 has', 'Norte: Río, Sur: Bosque, Este: Cerro, Oeste: Ejido'),
(16, '17.20 has', 'Norte: Particular, Sur: Arroyo, Este: Llano, Oeste: Camino'),
(17, '12.50 has', 'Norte: Cerro, Sur: Río, Este: Bosque, Oeste: Carretera'),
(18, '21.10 has', 'Norte: Camino, Sur: Llano, Este: Ejido, Oeste: Río'),
(19, '9.40 has', 'Norte: Arroyo, Sur: Cerro, Este: Particular, Oeste: Llano'),
(20, '15.80 has', 'Norte: Llano, Sur: Camino, Este: Arroyo, Oeste: Bosque'),
(21, '18.90 has', 'Norte: Río, Sur: Arroyo, Este: Cerro, Oeste: Ejido'),
(22, '11.70 has', 'Norte: Bosque, Sur: Particular, Este: Río, Oeste: Camino'),
(23, '14.30 has', 'Norte: Carretera, Sur: Llano, Este: Arroyo, Oeste: Escuela'),
(24, '20.20 has', 'Norte: Cerro, Sur: Río, Este: Llano, Oeste: Particular'),
(25, '8.90 has', 'Norte: Ejido, Sur: Bosque, Este: Camino, Oeste: Arroyo'),
(26, '16.80 has', 'Norte: Llano, Sur: Cerro, Este: Río, Oeste: Bosque'),
(27, '13.40 has', 'Norte: Arroyo, Sur: Camino, Este: Particular, Oeste: Río'),
(28, '19.50 has', 'Norte: Bosque, Sur: Arroyo, Este: Llano, Oeste: Ejido'),
(29, '10.20 has', 'Norte: Camino, Sur: Río, Este: Cerro, Oeste: Particular'),
(30, '17.60 has', 'Norte: Llano, Sur: Bosque, Este: Arroyo, Oeste: Carretera'),
(31, '12.80 has', 'Norte: Río, Sur: Llano, Este: Particular, Oeste: Escuela'),
(32, '21.40 has', 'Norte: Cerro, Sur: Arroyo, Este: Bosque, Oeste: Río'),
(33, '9.60 has', 'Norte: Particular, Sur: Ejido, Este: Camino, Oeste: Llano'),
(34, '15.20 has', 'Norte: Arroyo, Sur: Bosque, Este: Río, Oeste: Cerro'),
(35, '18.70 has', 'Norte: Llano, Sur: Río, Este: Camino, Oeste: Particular'),
(36, '11.50 has', 'Norte: Bosque, Sur: Cerro, Este: Arroyo, Oeste: Ejido'),
(37, '14.80 has', 'Norte: Carretera, Sur: Llano, Este: Río, Oeste: Bosque'),
(38, '20.90 has', 'Norte: Río, Sur: Camino, Este: Particular, Oeste: Arroyo'),
(39, '8.30 has', 'Norte: Cerro, Sur: Bosque, Este: Llano, Oeste: Río'),
(40, '16.50 has', 'Norte: Ejido, Sur: Arroyo, Este: Camino, Oeste: Llano'),
(41, '13.60 has', 'Norte: Arroyo, Sur: Río, Este: Cerro, Oeste: Particular'),
(42, '19.20 has', 'Norte: Llano, Sur: Bosque, Este: Ejido, Oeste: Arroyo'),
(43, '10.40 has', 'Norte: Bosque, Sur: Camino, Este: Río, Oeste: Cerro'),
(44, '17.90 has', 'Norte: Particular, Sur: Llano, Este: Arroyo, Oeste: Ejido'),
(45, '12.20 has', 'Norte: Río, Sur: Arroyo, Este: Camino, Oeste: Bosque'),
(46, '21.70 has', 'Norte: Cerro, Sur: Río, Este: Llano, Oeste: Camino'),
(47, '9.10 has', 'Norte: Arroyo, Sur: Cerro, Este: Bosque, Oeste: Río'),
(48, '15.50 has', 'Norte: Llano, Sur: Particular, Este: Arroyo, Oeste: Ejido'),
(49, '18.40 has', 'Norte: Bosque, Sur: Llano, Este: Río, Oeste: Cerro'),
(50, '11.80 has', 'Norte: Camino, Sur: Bosque, Este: Particular, Oeste: Arroyo'),
(51, '14.10 has', 'Norte: Arroyo, Sur: Llano, Este: Cerro, Oeste: Particular'),
(52, '20.60 has', 'Norte: Río, Sur: Cerro, Este: Llano, Oeste: Bosque'),
(53, '8.70 has', 'Norte: Particular, Sur: Río, Este: Ejido, Oeste: Llano'),
(54, '16.20 has', 'Norte: Bosque, Sur: Arroyo, Este: Camino, Oeste: Río'),
(55, '13.80 has', 'Norte: Llano, Sur: Camino, Este: Arroyo, Oeste: Cerro'),
(56, '19.90 has', 'Norte: Cerro, Sur: Llano, Este: Río, Oeste: Particular'),
(57, '10.60 has', 'Norte: Arroyo, Sur: Bosque, Este: Particular, Oeste: Llano'),
(58, '17.30 has', 'Norte: Ejido, Sur: Río, Este: Cerro, Oeste: Arroyo'),
(59, '12.40 has', 'Norte: Llano, Sur: Cerro, Este: Bosque, Oeste: Ejido'),
(60, '21.20 has', 'Norte: Río, Sur: Llano, Este: Camino, Oeste: Bosque'),
(61, '9.30 has', 'Norte: Bosque, Sur: Arroyo, Este: Río, Oeste: Camino'),
(62, '15.90 has', 'Norte: Carretera, Sur: Bosque, Este: Llano, Oeste: Río'),
(63, '18.60 has', 'Norte: Arroyo, Sur: Llano, Este: Cerro, Oeste: Particular'),
(64, '11.30 has', 'Norte: Particular, Sur: Cerro, Este: Río, Oeste: Llano'),
(65, '14.50 has', 'Norte: Llano, Sur: Arroyo, Este: Ejido, Oeste: Río'),
(66, '20.30 has', 'Norte: Bosque, Sur: Camino, Este: Arroyo, Oeste: Cerro'),
(67, '8.60 has', 'Norte: Río, Sur: Particular, Este: Llano, Oeste: Arroyo'),
(68, '16.70 has', 'Norte: Cerro, Sur: Río, Este: Particular, Oeste: Llano'),
(69, '13.20 has', 'Norte: Ejido, Sur: Bosque, Este: Río, Oeste: Camino'),
(70, '19.80 has', 'Norte: Llano, Sur: Cerro, Este: Arroyo, Oeste: Particular'),
(71, '10.90 has', 'Norte: Arroyo, Sur: Llano, Este: Río, Oeste: Bosque'),
(72, '17.50 has', 'Norte: Bosque, Sur: Arroyo, Este: Cerro, Oeste: Ejido'),
(73, '12.60 has', 'Norte: Río, Sur: Bosque, Este: Camino, Oeste: Río'),
(74, '21.50 has', 'Norte: Cerro, Sur: Llano, Este: Particular, Oeste: Arroyo'),
(75, '9.20 has', 'Norte: Llano, Sur: Río, Este: Bosque, Oeste: Cerro'),
(76, '15.40 has', 'Norte: Arroyo, Sur: Camino, Este: Río, Oeste: Ejido'),
(77, '18.20 has', 'Norte: Particular, Sur: Arroyo, Este: Llano, Oeste: Río'),
(78, '11.90 has', 'Norte: Bosque, Sur: Llano, Este: Arroyo, Oeste: Particular'),
(79, '14.70 has', 'Norte: Río, Sur: Bosque, Este: Cerro, Oeste: Llano'),
(80, '20.10 has', 'Norte: Camino, Sur: Río, Este: Ejido, Oeste: Bosque'),
(81, '8.40 has', 'Norte: Cerro, Sur: Llano, Este: Arroyo, Oeste: Río'),
(82, '16.30 has', 'Norte: Llano, Sur: Cerro, Este: Particular, Oeste: Camino'),
(83, '13.50 has', 'Norte: Arroyo, Sur: Particular, Este: Llano, Oeste: Río'),
(84, '19.40 has', 'Norte: Bosque, Sur: Arroyo, Este: Camino, Oeste: Ejido'),
(85, '10.30 has', 'Norte: Río, Sur: Bosque, Este: Arroyo, Oeste: Cerro'),
(86, '17.80 has', 'Norte: Llano, Sur: Camino, Este: Río, Oeste: Particular'),
(87, '12.10 has', 'Norte: Cerro, Sur: Río, Este: Bosque, Oeste: Llano'),
(88, '21.80 has', 'Norte: Arroyo, Sur: Llano, Este: Particular, Oeste: Arroyo'),
(89, '9.50 has', 'Norte: Particular, Sur: Cerro, Este: Río, Oeste: Bosque'),
(90, '15.60 has', 'Norte: Llano, Sur: Arroyo, Este: Cerro, Oeste: Ejido'),
(91, '18.10 has', 'Norte: Bosque, Sur: Río, Este: Camino, Oeste: Particular'),
(92, '11.60 has', 'Norte: Río, Sur: Llano, Este: Arroyo, Oeste: Cerro'),
(93, '14.20 has', 'Norte: Cerro, Sur: Bosque, Este: Río, Oeste: Llano'),
(94, '20.80 has', 'Norte: Arroyo, Sur: Particular, Este: Ejido, Oeste: Río'),
(95, '8.80 has', 'Norte: Llano, Sur: Río, Este: Arroyo, Oeste: Bosque'),
(96, '16.90 has', 'Norte: Bosque, Sur: Llano, Este: Río, Oeste: Camino'),
(97, '13.30 has', 'Norte: Camino, Sur: Bosque, Este: Llano, Oeste: Arroyo'),
(98, '19.60 has', 'Norte: Río, Sur: Cerro, Este: Particular, Oeste: Ejido'),
(99, '10.70 has', 'Norte: Arroyo, Sur: Llano, Este: Bosque, Oeste: Río'),
(100, '17.10 has', 'Norte: Llano, Sur: Arroyo', 'Este: Cerro, Oeste: Particular');

-- ============================================
-- PERSONAS (100 registros)
-- ============================================
INSERT INTO personas (id_persona, nombre, ap_p, ap_m) VALUES
(1, 'Juan', 'Pérez', 'García'),
(2, 'María', 'López', 'Hernández'),
(3, 'Carlos', 'García', 'Martínez'),
(4, 'Rosa', 'Martínez', 'Rodríguez'),
(5, 'José', 'Rodríguez', 'Sánchez'),
(6, 'Ana', 'Sánchez', 'Torres'),
(7, 'Luis', 'González', 'Ramírez'),
(8, 'Elena', 'Ramírez', 'Gutiérrez'),
(9, 'David', 'Torres', 'Flores'),
(10, 'Patricia', 'Flores', 'Morales'),
(11, 'Francisco', 'Luna', 'Jiménez'),
(12, 'Marta', 'Díaz', 'Ruiz'),
(13, 'Javier', 'Cruz', 'Navarro'),
(14, 'Sara', 'Morales', 'Castillo'),
(15, 'Manuel', 'Gutiérrez', 'Ortega'),
(16, 'Laura', 'Ortega', 'Reyes'),
(17, 'Enrique', 'Ruiz', 'Aguilar'),
(18, 'Carmen', 'Hernández', 'Mendoza'),
(19, 'Raúl', 'Castillo', 'Vega'),
(20, 'Isabel', 'Gómez', 'Delgado'),
(21, 'Fernando', 'Medina', 'Soto'),
(22, 'Verónica', 'Romero', 'Mora'),
(23, 'Gabriel', 'Vargas', 'Cárdenas'),
(24, 'Ángela', 'López', 'Cortés'),
(25, 'Óscar', 'Hidalgo', 'Flores'),
(26, 'Silvia', 'Álvarez', 'Ramos'),
(27, 'Ricardo', 'Méndez', 'López'),
(28, 'Claudia', 'Navarro', 'Cortés'),
(29, 'Arturo', 'Guerrero', 'Sandoval'),
(30, 'María del Carmen', 'Salazar', 'Jiménez'),
(31, 'Armando', 'Rivera', 'Mendoza'),
(32, 'Elizabeth', 'Soto', 'Oliva'),
(33, 'Víctor', 'Moreno', 'Ramos'),
(34, 'Mónica', 'Jiménez', 'Molina'),
(35, 'Jorge', 'Arias', 'Cortés'),
(36, 'Alejandra', 'Santos', 'Rojas'),
(37, 'Eduardo', 'Vega', 'Luna'),
(38, 'Gloria', 'Lara', 'Miranda'),
(39, 'Marco', 'Antúnez', 'Zúñiga'),
(40, 'Esther', 'Domínguez', 'Cortés'),
(41, 'Ignacio', 'Molina', 'Padilla'),
(42, 'Yolanda', 'Ibarra', 'Herrera'),
(43, 'Alonso', 'Palacios', 'Aguirre'),
(44, 'Natalia', 'Campos', 'Linares'),
(45, 'Saúl', 'Rios', 'Estévez'),
(46, 'Adriana', 'Escobar', 'Valencia'),
(47, 'Octavio', 'Silva', 'Muñoz'),
(48, 'Virginia', 'Galván', 'Sánchez'),
(49, 'Bryan', 'Mendoza', 'Arias'),
(50, 'Karina', 'Cervera', 'Flores'),
(51, 'Marvin', 'Solano', 'García'),
(52, 'Germán', 'Delgado', 'Cruz'),
(53, 'Nora', 'Robledo', 'León'),
(54, 'Erick', 'Lira', 'Cortés'),
(55, 'Diana', 'Corona', 'Báez'),
(56, 'Aldo', 'Martínez', 'Sánchez'),
(57, 'Mayra', 'Cárdenas', 'Vigil'),
(58, 'Gustavo', 'Orozco', 'Nava'),
(59, 'Liliana', 'Castro', 'López'),
(60, 'Sergio', 'Uribe', 'Álvarez'),
(61, 'Karen', 'Vásquez', 'Campos'),
(62, 'Darío', 'Bautista', 'Reyes'),
(63, 'Lourdes', 'Macías', 'Guzmán'),
(64, 'Hugo', 'Zamora', 'Rivera'),
(65, 'Irene', 'Herrera', 'Lozano'),
(66, 'Alfredo', 'Lorenzo', 'Santana'),
(67, 'Rosario', 'Gamboa', 'Acevedo'),
(68, 'Rafael', 'Cortés', 'Trujillo'),
(69, 'Estela', 'Aguayo', 'Mendoza'),
(70, 'Tomás', 'Benítez', 'Cárdenas'),
(71, 'Anita', 'Suárez', 'López'),
(72, 'Iván', 'Paredes', 'Romo'),
(73, 'Magdalena', 'Vergara', 'Romero'),
(74, 'Cristián', 'León', 'Segovia'),
(75, 'Sofía', 'Canales', 'Arce'),
(76, 'Emilio', 'Aguilar', 'Campos'),
(77, 'Rosalba', 'Peña', 'López'),
(78, 'Julián', 'Contreras', 'Ochoa'),
(79, 'Pilar', 'Marroquín', 'Reyes'),
(80, 'Alejandro', 'Montoya', 'Sánchez'),
(81, 'Teresa', 'Espinoza', 'Ramos'),
(82, 'Francisco Javier', 'Vera', 'Rodríguez'),
(83, 'Sonia', 'Terrones', 'García'),
(84, 'Álvaro', 'Leyva', 'Maldonado'),
(85, 'Miriam', 'Zavala', 'Cortés'),
(86, 'Renato', 'Sáenz', 'Vigil'),
(87, 'Catalina', 'Berrios', 'Navarro'),
(88, 'Ulises', 'Guzmán', 'Paredes'),
(89, 'Evangelina', 'Reyes', 'Cortés'),
(90, 'Daniel', 'Bello', 'Aguirre'),
(91, 'Lorena', 'Manríquez', 'Muñoz'),
(92, 'Eugenio', 'Saldivar', 'Reyes'),
(93, 'Maricela', 'Luna', 'García'),
(94, 'Jonathan', 'Chávez', 'Mendoza'),
(95, 'Guadalupe', 'Rangel', 'López'),
(96, 'Santiago', 'Rosales', 'Flores'),
(97, 'Elisa', 'Fuentes', 'Aguilar'),
(98, 'Benjamín', 'Salinas', 'Mora'),
(99, 'Cynthia', 'Valdés', 'Ramos'),
(100, 'Pedro', 'Ávila', 'González');

-- ============================================
-- DETALLES (100 registros)
-- ============================================
INSERT INTO detalles (id_detalle, cantidad, fecha, hora) VALUES
(1, '1500.00', '2025-01-15', '09:00:00'),
(2, '2300.50', '2025-01-16', '10:30:00'),
(3, '1800.00', '2025-01-17', '11:00:00'),
(4, '3500.75', '2025-01-18', '08:45:00'),
(5, '2750.25', '2025-01-19', '14:20:00'),
(6, '1200.00', '2025-01-20', '09:30:00'),
(7, '4100.00', '2025-01-21', '10:00:00'),
(8, '1950.50', '2025-01-22', '11:15:00'),
(9, '3200.00', '2025-01-23', '08:30:00'),
(10, '2800.75', '2025-01-24', '09:45:00'),
(11, '1650.00', '2025-01-25', '10:30:00'),
(12, '4500.00', '2025-01-26', '11:00:00'),
(13, '2100.50', '2025-01-27', '08:15:00'),
(14, '3750.25', '2025-01-28', '09:00:00'),
(15, '1300.00', '2025-01-29', '10:45:00'),
(16, '2900.00', '2025-01-30', '11:30:00'),
(17, '1850.75', '2025-01-31', '08:00:00'),
(18, '4200.50', '2025-02-01', '09:15:00'),
(19, '2400.00', '2025-02-02', '10:00:00'),
(20, '3150.25', '2025-02-03', '11:45:00'),
(21, '1700.00', '2025-02-04', '08:30:00'),
(22, '3800.50', '2025-02-05', '09:00:00'),
(23, '2200.75', '2025-02-06', '10:15:00'),
(24, '4600.00', '2025-02-07', '11:30:00'),
(25, '1550.00', '2025-02-08', '08:45:00'),
(26, '3350.25', '2025-02-09', '09:30:00'),
(27, '2000.50', '2025-02-10', '10:00:00'),
(28, '2650.00', '2025-02-11', '11:15:00'),
(29, '1450.75', '2025-02-12', '08:00:00'),
(30, '3950.50', '2025-02-13', '09:45:00'),
(31, '1800.00', '2025-02-14', '10:30:00'),
(32, '2550.25', '2025-02-15', '11:00:00'),
(33, '3100.00', '2025-02-16', '08:15:00'),
(34, '2250.75', '2025-02-17', '09:00:00'),
(35, '3700.50', '2025-02-18', '10:45:00'),
(36, '1600.00', '2025-02-19', '11:30:00'),
(37, '4400.25', '2025-02-20', '08:00:00'),
(38, '2050.00', '2025-02-21', '09:15:00'),
(39, '2850.50', '2025-02-22', '10:00:00'),
(40, '1900.75', '2025-02-23', '11:45:00'),
(41, '3250.00', '2025-02-24', '08:30:00'),
(42, '2700.25', '2025-02-25', '09:00:00'),
(43, '1550.50', '2025-02-26', '10:15:00'),
(44, '3600.00', '2025-02-27', '11:30:00'),
(45, '2150.75', '2025-02-28', '08:45:00'),
(46, '3900.00', '2025-03-01', '09:30:00'),
(47, '1750.25', '2025-03-02', '10:00:00'),
(48, '2450.50', '2025-03-03', '11:15:00'),
(49, '3050.00', '2025-03-04', '08:00:00'),
(50, '1950.75', '2025-03-05', '09:45:00'),
(51, '4300.00', '2025-03-06', '10:30:00'),
(52, '2300.25', '2025-03-07', '11:00:00'),
(53, '3400.50', '2025-03-08', '08:15:00'),
(54, '1650.75', '2025-03-09', '09:00:00'),
(55, '2750.00', '2025-03-10', '10:45:00'),
(56, '4050.25', '2025-03-11', '11:30:00'),
(57, '1850.50', '2025-03-12', '08:00:00'),
(58, '2650.75', '2025-03-13', '09:15:00'),
(59, '3200.00', '2025-03-14', '10:00:00'),
(60, '1550.25', '2025-03-15', '11:45:00'),
(61, '3750.50', '2025-03-16', '08:30:00'),
(62, '2100.00', '2025-03-17', '09:00:00'),
(63, '2950.75', '2025-03-18', '10:15:00'),
(64, '1700.50', '2025-03-19', '11:30:00'),
(65, '4500.25', '2025-03-20', '08:45:00'),
(66, '2250.00', '2025-03-21', '09:30:00'),
(67, '3550.50', '2025-03-22', '10:00:00'),
(68, '1800.75', '2025-03-23', '11:15:00'),
(69, '4150.00', '2025-03-24', '08:00:00'),
(70, '2350.25', '2025-03-25', '09:45:00'),
(71, '1600.50', '2025-03-26', '10:30:00'),
(72, '3850.75', '2025-03-27', '11:00:00'),
(73, '2000.00', '2025-03-28', '08:15:00'),
(74, '2600.25', '2025-03-29', '09:00:00'),
(75, '3300.50', '2025-03-30', '10:45:00'),
(76, '1900.75', '2025-03-31', '11:30:00'),
(77, '4700.00', '2025-04-01', '08:00:00'),
(78, '2150.25', '2025-04-02', '09:15:00'),
(79, '3450.50', '2025-04-03', '10:00:00'),
(80, '1750.75', '2025-04-04', '11:45:00'),
(81, '2900.00', '2025-04-05', '08:30:00'),
(82, '3950.25', '2025-04-06', '09:00:00'),
(83, '2050.50', '2025-04-07', '10:15:00'),
(84, '2550.75', '2025-04-08', '11:30:00'),
(85, '4250.00', '2025-04-09', '08:45:00'),
(86, '1850.25', '2025-04-10', '09:30:00'),
(87, '3650.50', '2025-04-11', '10:00:00'),
(88, '2200.75', '2025-04-12', '11:15:00'),
(89, '1500.00', '2025-04-13', '08:00:00'),
(90, '4100.25', '2025-04-14', '09:45:00'),
(91, '2350.50', '2025-04-15', '10:30:00'),
(92, '3100.75', '2025-04-16', '11:00:00'),
(93, '1650.00', '2025-04-17', '08:15:00'),
(94, '4450.25', '2025-04-18', '09:00:00'),
(95, '1950.50', '2025-04-19', '10:45:00'),
(96, '2750.75', '2025-04-20', '11:30:00'),
(97, '3500.00', '2025-04-21', '08:45:00'),
(98, '1800.25', '2025-04-22', '09:30:00'),
(99, '4000.50', '2025-04-23', '10:00:00'),
(100, '2250.75', '2025-04-24', '11:15:00');

-- ============================================
-- PAGOS (100 registros)
-- ============================================
INSERT INTO pagos (id_pago, contribuyente) VALUES
(1, 'Juan Pérez García'),
(2, 'María López Hernández'),
(3, 'Carlos García Martínez'),
(4, 'Rosa Martínez Rodríguez'),
(5, 'José Rodríguez Sánchez'),
(6, 'Ana Sánchez Torres'),
(7, 'Luis González Ramírez'),
(8, 'Elena Ramírez Gutiérrez'),
(9, 'David Torres Flores'),
(10, 'Patricia Flores Morales'),
(11, 'Francisco Luna Jiménez'),
(12, 'Marta Díaz Ruiz'),
(13, 'Javier Cruz Navarro'),
(14, 'Sara Morales Castillo'),
(15, 'Manuel Gutiérrez Ortega'),
(16, 'Laura Ortega Reyes'),
(17, 'Enrique Ruiz Aguilar'),
(18, 'Carmen Hernández Mendoza'),
(19, 'Raúl Castillo Vega'),
(20, 'Isabel Gómez Delgado'),
(21, 'Fernando Medina Soto'),
(22, 'Verónica Romero Mora'),
(23, 'Gabriel Vargas Cárdenas'),
(24, 'Ángela López Cortés'),
(25, 'Óscar Hidalgo Flores'),
(26, 'Silvia Álvarez Ramos'),
(27, 'Ricardo Méndez López'),
(28, 'Claudia Navarro Cortés'),
(29, 'Arturo Guerrero Sandoval'),
(30, 'María del Carmen Salazar Jiménez'),
(31, 'Armando Rivera Mendoza'),
(32, 'Elizabeth Soto Oliva'),
(33, 'Víctor Moreno Ramos'),
(34, 'Mónica Jiménez Molina'),
(35, 'Jorge Arias Cortés'),
(36, 'Alejandra Santos Rojas'),
(37, 'Eduardo Vega Luna'),
(38, 'Gloria Lara Miranda'),
(39, 'Marco Antúnez Zúñiga'),
(40, 'Esther Domínguez Cortés'),
(41, 'Ignacio Molina Padilla'),
(42, 'Yolanda Ibarra Herrera'),
(43, 'Alonso Palacios Aguirre'),
(44, 'Natalia Campos Linares'),
(45, 'Saúl Rios Estévez'),
(46, 'Adriana Escobar Valencia'),
(47, 'Octavio Silva Muñoz'),
(48, 'Virginia Galván Sánchez'),
(49, 'Bryan Mendoza Arias'),
(50, 'Karina Cervera Flores'),
(51, 'Marvin Solano García'),
(52, 'Germán Delgado Cruz'),
(53, 'Nora Robledo León'),
(54, 'Erick Lira Cortés'),
(55, 'Diana Corona Báez'),
(56, 'Aldo Martínez Sánchez'),
(57, 'Mayra Cárdenas Vigil'),
(58, 'Gustavo Orozco Nava'),
(59, 'Liliana Castro López'),
(60, 'Sergio Uribe Álvarez'),
(61, 'Karen Vásquez Campos'),
(62, 'Darío Bautista Reyes'),
(63, 'Lourdes Macías Guzmán'),
(64, 'Hugo Zamora Rivera'),
(65, 'Irene Herrera Lozano'),
(66, 'Alfredo Lorenzo Santana'),
(67, 'Rosario Gamboa Acevedo'),
(68, 'Rafael Cortés Trujillo'),
(69, 'Estela Aguayo Mendoza'),
(70, 'Tomás Benítez Cárdenas'),
(71, 'Anita Suárez López'),
(72, 'Iván Paredes Romo'),
(73, 'Magdalena Vergara Romero'),
(74, 'Cristián León Segovia'),
(75, 'Sofía Canales Arce'),
(76, 'Emilio Aguilar Campos'),
(77, 'Rosalba Peña López'),
(78, 'Julián Contreras Ochoa'),
(79, 'Pilar Marroquín Reyes'),
(80, 'Alejandro Montoya Sánchez'),
(81, 'Teresa Espinoza Ramos'),
(82, 'Francisco Javier Vera Rodríguez'),
(83, 'Sonia Terrones García'),
(84, 'Álvaro Leyva Maldonado'),
(85, 'Miriam Zavala Cortés'),
(86, 'Renato Sáenz Vigil'),
(87, 'Catalina Berrios Navarro'),
(88, 'Ulises Guzmán Paredes'),
(89, 'Evangelina Reyes Cortés'),
(90, 'Daniel Bello Aguirre'),
(91, 'Lorena Manríquez Muñoz'),
(92, 'Eugenio Saldivar Reyes'),
(93, 'Maricela Luna García'),
(94, 'Jonathan Chávez Mendoza'),
(95, 'Guadalupe Rangel López'),
(96, 'Santiago Rosales Flores'),
(97, 'Elisa Fuentes Aguilar'),
(98, 'Benjamín Salinas Mora'),
(99, 'Cynthia Valdés Ramos'),
(100, 'Pedro Ávila González');

-- ============================================
-- SERVICIOS (100 registros)
-- ============================================
INSERT INTO servicios (id_servicio, asesor, documentacion, medicion, solicitudes) VALUES
(1, 'Juan Pérez García', 'Identificación INE', 'Medición de parcela', 'Solicitud de certificado'),
(2, 'María López Hernández', 'CURP', 'Levantamiento topográfico', 'Solicitud de constancia'),
(3, 'Carlos García Martínez', 'Acta de nacimiento', 'Georreferenciación', 'Solicitud de deslinde'),
(4, 'Rosa Martínez Rodríguez', 'Comprobante de domicilio', 'Inspección visual', 'Solicitud de cesión'),
(5, 'José Rodríguez Sánchez', 'INE y CURP', 'Medición completa', 'Solicitud de certificado'),
(6, 'Ana Sánchez Torres', 'Identificación', 'Levantamiento', 'Solicitud de права'),
(7, 'Luis González Ramírez', 'INE', 'Medición', 'Constancia de pertenencia'),
(8, 'Elena Ramírez Gutiérrez', 'CURP', 'Topografía', 'Certificado de parcela'),
(9, 'David Torres Flores', 'INE', 'Inspección', 'Constancia de ejidatario'),
(10, 'Patricia Flores Morales', 'Identificación oficial', 'Medición técnica', 'Deslinde de parcela'),
(11, 'Francisco Luna Jiménez', 'INE', 'Geolocalización', 'Cesión de derechos'),
(12, 'Marta Díaz Ruiz', 'CURP', 'Medición parcial', 'Certificado de tierras'),
(13, 'Javier Cruz Navarro', 'INE', 'Topografía básica', 'Constancia de uso'),
(14, 'Sara Morales Castillo', 'Identificación', 'Levantamiento', 'Cambio de uso'),
(15, 'Manuel Gutiérrez Ortega', 'INE', 'Medición GPS', 'Regularización de parcela'),
(16, 'Laura Ortega Reyes', 'CURP', 'Inspección', 'Título de propiedad'),
(17, 'Enrique Ruiz Aguilar', 'INE', 'Medición', 'Renovación de certificado'),
(18, 'Carmen Hernández Mendoza', 'Identificación', 'Topografía', 'Constancia de vigencia'),
(19, 'Raúl Castillo Vega', 'INE', 'Levantamiento', 'Actualización de datos'),
(20, 'Isabel Gómez Delgado', 'CURP', 'Medición', 'Cambio de titular'),
(21, 'Fernando Medina Soto', 'INE', 'Georreferenciación', 'Duplicado de证书'),
(22, 'Verónica Romero Mora', 'Identificación', 'Inspección', 'Constancia de no adeudo'),
(23, 'Gabriel Vargas Cárdenas', 'INE', 'Medición', 'Carta de no inconveniente'),
(24, 'Ángela López Cortés', 'CURP', 'Topografía', 'Constancia de good'),
(25, 'Óscar Hidalgo Flores', 'INE', 'Levantamiento', 'Certificado de derechos'),
(26, 'Silvia Álvarez Ramos', 'Identificación', 'Medición', 'Constancia de pertenencia'),
(27, 'Ricardo Méndez López', 'INE', 'Inspección', 'Actualización parcelaria'),
(28, 'Claudia Navarro Cortés', 'CURP', 'Medición', 'Regularización'),
(29, 'Arturo Guerrero Sandoval', 'INE', 'Topografía', 'Certificación'),
(30, 'María del Carmen Salazar Jiménez', 'Identificación', 'Levantamiento', 'Constancia de tierras'),
(31, 'Armando Rivera Mendoza', 'INE', 'Medición', 'Cesión de parcela'),
(32, 'Elizabeth Soto Oliva', 'CURP', 'Inspección', 'Traspaso de derechos'),
(33, 'Víctor Moreno Ramos', 'INE', 'Medición', 'Cambio de uso de suelo'),
(34, 'Mónica Jiménez Molina', 'Identificación', 'Topografía', 'Permiso de construcción'),
(35, 'Jorge Arias Cortés', 'INE', 'Levantamiento', 'Autorización de obra'),
(36, 'Alejandra Santos Rojas', 'CURP', 'Medición', 'Constancia de compatibilidad'),
(37, 'Eduardo Vega Luna', 'INE', 'Inspección', 'Certificado de uso'),
(38, 'Gloria Lara Miranda', 'Identificación', 'Medición', 'Constancia urbana'),
(39, 'Marco Antúnez Zúñiga', 'INE', 'Topografía', 'Dictamen técnico'),
(40, 'Esther Domínguez Cortés', 'CURP', 'Levantamiento', 'Avalúo de parcela'),
(41, 'Ignacio Molina Padilla', 'INE', 'Medición', 'Valoración de tierras'),
(42, 'Yolanda Ibarra Herrera', 'Identificación', 'Inspección', 'Estimación de valor'),
(43, 'Alonso Palacios Aguirre', 'INE', 'Medición', 'Cotización de servicio'),
(44, 'Natalia Campos Linares', 'CURP', 'Topografía', 'Presupuesto de medición'),
(45, 'Saúl Rios Estévez', 'INE', 'Levantamiento', 'Cotización de deslinde'),
(46, 'Adriana Escobar Valencia', 'Identificación', 'Medición', 'Servicio de cesión'),
(47, 'Octavio Silva Muñoz', 'INE', 'Inspección', 'Asesoría legal'),
(48, 'Virginia Galván Sánchez', 'CURP', 'Medición', 'Orientación jurídica'),
(49, 'Bryan Mendoza Arias', 'INE', 'Topografía', 'Asesoría agraria'),
(50, 'Karina Cervera Flores', 'Identificación', 'Levantamiento', 'Consulta de tierras'),
(51, 'Marvin Solano García', 'INE', 'Medición', 'Verificación de parcela'),
(52, 'Germán Delgado Cruz', 'CURP', 'Inspección', 'Inspección ocular'),
(53, 'Nora Robledo León', 'INE', 'Medición', 'Verificación técnica'),
(54, 'Erick Lira Cortés', 'Identificación', 'Topografía', 'Validación de datos'),
(55, 'Diana Corona Báez', 'INE', 'Levantamiento', 'Confirmación de medidas'),
(56, 'Aldo Martínez Sánchez', 'CURP', 'Medición', 'Rectificación de linderos'),
(57, 'Mayra Cárdenas Vigil', 'INE', 'Inspección', 'Alineación de límites'),
(58, 'Gustavo Orozco Nava', 'Identificación', 'Medición', 'Reubicación de mojones'),
(59, 'Liliana Castro López', 'INE', 'Topografía', 'Colocación de vértices'),
(60, 'Sergio Uribe Álvarez', 'CURP', 'Levantamiento', 'Acta de deslinde'),
(61, 'Karen Vásquez Campos', 'INE', 'Medición', 'Firma de Acta'),
(62, 'Darío Bautista Reyes', 'Identificación', 'Inspección', 'Aprobación de Acta'),
(63, 'Lourdes Macías Guzmán', 'INE', 'Medición', 'Registro de Acta'),
(64, 'Hugo Zamora Rivera', 'CURP', 'Topografía', 'Archivamiento'),
(65, 'Irene Herrera Lozano', 'INE', 'Levantamiento', 'Entrega de documento'),
(66, 'Alfredo Lorenzo Santana', 'Identificación', 'Medición', 'Notificación al interesado'),
(67, 'Rosario Gamboa Acevedo', 'INE', 'Inspección', 'Comunicación de resolución'),
(68, 'Rafael Cortés Trujillo', 'CURP', 'Medición', 'Notificación oficial'),
(69, 'Estela Aguayo Mendoza', 'INE', 'Topografía', 'Citación'),
(70, 'Tomás Benítez Cárdenas', 'Identificación', 'Levantamiento', 'Convocatoria'),
(71, 'Anita Suárez López', 'INE', 'Medición', 'Invitación a asamblea'),
(72, 'Iván Paredes Romo', 'CURP', 'Inspección', 'Orden del día'),
(73, 'Magdalena Vergara Romero', 'INE', 'Medición', 'Lista de asistencia'),
(74, 'Cristián León Segovia', 'Identificación', 'Topografía', 'Votación'),
(75, 'Sofía Canales Arce', 'INE', 'Levantamiento', 'Conteo de votos'),
(76, 'Emilio Aguilar Campos', 'CURP', 'Medición', 'Escrutinio'),
(77, 'Rosalba Peña López', 'INE', 'Inspección', 'Acta de resultados'),
(78, 'Julián Contreras Ochoa', 'Identificación', 'Medición', 'Proclamación'),
(79, 'Pilar Marroquín Reyes', 'INE', 'Topografía', 'Toma de protesta'),
(80, 'Alejandro Montoya Sánchez', 'CURP', 'Levantamiento', 'Juramento'),
(81, 'Teresa Espinoza Ramos', 'INE', 'Medición', 'Nombramiento'),
(82, 'Francisco Javier Vera Rodríguez', 'Identificación', 'Inspección', 'Designación'),
(83, 'Sonia Terrones García', 'INE', 'Medición', 'Asignación de cargo'),
(84, 'Álvaro Leyva Maldonado', 'CURP', 'Topografía', 'Toma de decisiones'),
(85, 'Miriam Zavala Cortés', 'INE', 'Levantamiento', 'Acuerdos'),
(86, 'Renato Sáenz Vigil', 'Identificación', 'Medición', 'Compromisos'),
(87, 'Catalina Berrios Navarro', 'INE', 'Inspección', 'Compromiso de pago'),
(88, 'Ulises Guzmán Paredes', 'CURP', 'Medición', 'Acuerdo de fechas'),
(89, 'Evangelina Reyes Cortés', 'INE', 'Topografía', 'Programación'),
(90, 'Daniel Bello Aguirre', 'Identificación', 'Levantamiento', 'Agenda'),
(91, 'Lorena Manríquez Muñoz', 'INE', 'Medición', 'Cronograma'),
(92, 'Eugenio Saldivar Reyes', 'CURP', 'Inspección', 'Calendario'),
(93, 'Maricela Luna García', 'INE', 'Medición', 'Planificación'),
(94, 'Jonathan Chávez Mendoza', 'Identificación', 'Topografía', 'Organización'),
(95, 'Guadalupe Rangel López', 'INE', 'Levantamiento', 'Coordinación'),
(96, 'Santiago Rosales Flores', 'CURP', 'Medición', 'Logística'),
(97, 'Elisa Fuentes Aguilar', 'INE', 'Inspección', 'Distribución'),
(98, 'Benjamín Salinas Mora', 'Identificación', 'Medición', 'Asignación'),
(99, 'Cynthia Valdés Ramos', 'INE', 'Topografía', 'Repartición'),
(100, 'Pedro Ávila González', 'CURP', 'Levantamiento', 'División');

-- ============================================
-- CERTIFICADOS (100 registros)
-- ============================================
INSERT INTO certificados (id_certificado, No_certificado, conformidad_parcelario, folio) VALUES
(1, 'CERT-001-2025', 'Conforme', 'FOLIO-2025-00001'),
(2, 'CERT-002-2025', 'Conforme', 'FOLIO-2025-00002'),
(3, 'CERT-003-2025', 'Conforme', 'FOLIO-2025-00003'),
(4, 'CERT-004-2025', 'Pendiente', 'FOLIO-2025-00004'),
(5, 'CERT-005-2025', 'Conforme', 'FOLIO-2025-00005'),
(6, 'CERT-006-2025', 'Conforme', 'FOLIO-2025-00006'),
(7, 'CERT-007-2025', 'Rechazado', 'FOLIO-2025-00007'),
(8, 'CERT-008-2025', 'Conforme', 'FOLIO-2025-00008'),
(9, 'CERT-009-2025', 'Conforme', 'FOLIO-2025-00009'),
(10, 'CERT-010-2025', 'Pendiente', 'FOLIO-2025-00010'),
(11, 'CERT-011-2025', 'Conforme', 'FOLIO-2025-00011'),
(12, 'CERT-012-2025', 'Conforme', 'FOLIO-2025-00012'),
(13, 'CERT-013-2025', 'Conforme', 'FOLIO-2025-00013'),
(14, 'CERT-014-2025', 'Conforme', 'FOLIO-2025-00014'),
(15, 'CERT-015-2025', 'Pendiente', 'FOLIO-2025-00015'),
(16, 'CERT-016-2025', 'Conforme', 'FOLIO-2025-00016'),
(17, 'CERT-017-2025', 'Rechazado', 'FOLIO-2025-00017'),
(18, 'CERT-018-2025', 'Conforme', 'FOLIO-2025-00018'),
(19, 'CERT-019-2025', 'Conforme', 'FOLIO-2025-00019'),
(20, 'CERT-020-2025', 'Conforme', 'FOLIO-2025-00020'),
(21, 'CERT-021-2025', 'Pendiente', 'FOLIO-2025-00021'),
(22, 'CERT-022-2025', 'Conforme', 'FOLIO-2025-00022'),
(23, 'CERT-023-2025', 'Conforme', 'FOLIO-2025-00023'),
(24, 'CERT-024-2025', 'Conforme', 'FOLIO-2025-00024'),
(25, 'CERT-025-2025', 'Conforme', 'FOLIO-2025-00025'),
(26, 'CERT-026-2025', 'Pendiente', 'FOLIO-2025-00026'),
(27, 'CERT-027-2025', 'Conforme', 'FOLIO-2025-00027'),
(28, 'CERT-028-2025', 'Rechazado', 'FOLIO-2025-00028'),
(29, 'CERT-029-2025', 'Conforme', 'FOLIO-2025-00029'),
(30, 'CERT-030-2025', 'Conforme', 'FOLIO-2025-00030'),
(31, 'CERT-031-2025', 'Conforme', 'FOLIO-2025-00031'),
(32, 'CERT-032-2025', 'Pendiente', 'FOLIO-2025-00032'),
(33, 'CERT-033-2025', 'Conforme', 'FOLIO-2025-00033'),
(34, 'CERT-034-2025', 'Conforme', 'FOLIO-2025-00034'),
(35, 'CERT-035-2025', 'Conforme', 'FOLIO-2025-00035'),
(36, 'CERT-036-2025', 'Conforme', 'FOLIO-2025-00036'),
(37, 'CERT-037-2025', 'Rechazado', 'FOLIO-2025-00037'),
(38, 'CERT-038-2025', 'Conforme', 'FOLIO-2025-00038'),
(39, 'CERT-039-2025', 'Conforme', 'FOLIO-2025-00039'),
(40, 'CERT-040-2025', 'Pendiente', 'FOLIO-2025-00040'),
(41, 'CERT-041-2025', 'Conforme', 'FOLIO-2025-00041'),
(42, 'CERT-042-2025', 'Conforme', 'FOLIO-2025-00042'),
(43, 'CERT-043-2025', 'Conforme', 'FOLIO-2025-00043'),
(44, 'CERT-044-2025', 'Conforme', 'FOLIO-2025-00044'),
(45, 'CERT-045-2025', 'Pendiente', 'FOLIO-2025-00045'),
(46, 'CERT-046-2025', 'Conforme', 'FOLIO-2025-00046'),
(47, 'CERT-047-2025', 'Conforme', 'FOLIO-2025-00047'),
(48, 'CERT-048-2025', 'Rechazado', 'FOLIO-2025-00048'),
(49, 'CERT-049-2025', 'Conforme', 'FOLIO-2025-00049'),
(50, 'CERT-050-2025', 'Conforme', 'FOLIO-2025-00050'),
(51, 'CERT-051-2025', 'Conforme', 'FOLIO-2025-00051'),
(52, 'CERT-052-2025', 'Pendiente', 'FOLIO-2025-00052'),
(53, 'CERT-053-2025', 'Conforme', 'FOLIO-2025-00053'),
(54, 'CERT-054-2025', 'Conforme', 'FOLIO-2025-00054'),
(55, 'CERT-055-2025', 'Conforme', 'FOLIO-2025-00055'),
(56, 'CERT-056-2025', 'Conforme', 'FOLIO-2025-00056'),
(57, 'CERT-057-2025', 'Rechazado', 'FOLIO-2025-00057'),
(58, 'CERT-058-2025', 'Conforme', 'FOLIO-2025-00058'),
(59, 'CERT-059-2025', 'Conforme', 'FOLIO-2025-00059'),
(60, 'CERT-060-2025', 'Pendiente', 'FOLIO-2025-00060'),
(61, 'CERT-061-2025', 'Conforme', 'FOLIO-2025-00061'),
(62, 'CERT-062-2025', 'Conforme', 'FOLIO-2025-00062'),
(63, 'CERT-063-2025', 'Conforme', 'FOLIO-2025-00063'),
(64, 'CERT-064-2025', 'Conforme', 'FOLIO-2025-00064'),
(65, 'CERT-065-2025', 'Pendiente', 'FOLIO-2025-00065'),
(66, 'CERT-066-2025', 'Conforme', 'FOLIO-2025-00066'),
(67, 'CERT-067-2025', 'Conforme', 'FOLIO-2025-00067'),
(68, 'CERT-068-2025', 'Rechazado', 'FOLIO-2025-00068'),
(69, 'CERT-069-2025', 'Conforme', 'FOLIO-2025-00069'),
(70, 'CERT-070-2025', 'Conforme', 'FOLIO-2025-00070'),
(71, 'CERT-071-2025', 'Conforme', 'FOLIO-2025-00071'),
(72, 'CERT-072-2025', 'Pendiente', 'FOLIO-2025-00072'),
(73, 'CERT-073-2025', 'Conforme', 'FOLIO-2025-00073'),
(74, 'CERT-074-2025', 'Conforme', 'FOLIO-2025-00074'),
(75, 'CERT-075-2025', 'Conforme', 'FOLIO-2025-00075'),
(76, 'CERT-076-2025', 'Conforme', 'FOLIO-2025-00076'),
(77, 'CERT-077-2025', 'Rechazado', 'FOLIO-2025-00077'),
(78, 'CERT-078-2025', 'Conforme', 'FOLIO-2025-00078'),
(79, 'CERT-079-2025', 'Conforme', 'FOLIO-2025-00079'),
(80, 'CERT-080-2025', 'Pendiente', 'FOLIO-2025-00080'),
(81, 'CERT-081-2025', 'Conforme', 'FOLIO-2025-00081'),
(82, 'CERT-082-2025', 'Conforme', 'FOLIO-2025-00082'),
(83, 'CERT-083-2025', 'Conforme', 'FOLIO-2025-00083'),
(84, 'CERT-084-2025', 'Conforme', 'FOLIO-2025-00084'),
(85, 'CERT-085-2025', 'Pendiente', 'FOLIO-2025-00085'),
(86, 'CERT-086-2025', 'Conforme', 'FOLIO-2025-00086'),
(87, 'CERT-087-2025', 'Conforme', 'FOLIO-2025-00087'),
(88, 'CERT-088-2025', 'Rechazado', 'FOLIO-2025-00088'),
(89, 'CERT-089-2025', 'Conforme', 'FOLIO-2025-00089'),
(90, 'CERT-090-2025', 'Conforme', 'FOLIO-2025-00090'),
(91, 'CERT-091-2025', 'Conforme', 'FOLIO-2025-00091'),
(92, 'CERT-092-2025', 'Pendiente', 'FOLIO-2025-00092'),
(93, 'CERT-093-2025', 'Conforme', 'FOLIO-2025-00093'),
(94, 'CERT-094-2025', 'Conforme', 'FOLIO-2025-00094'),
(95, 'CERT-095-2025', 'Conforme', 'FOLIO-2025-00095'),
(96, 'CERT-096-2025', 'Conforme', 'FOLIO-2025-00096'),
(97, 'CERT-097-2025', 'Rechazado', 'FOLIO-2025-00097'),
(98, 'CERT-098-2025', 'Conforme', 'FOLIO-2025-00098'),
(99, 'CERT-099-2025', 'Conforme', 'FOLIO-2025-00099'),
(100, 'CERT-100-2025', 'Pendiente', 'FOLIO-2025-00100');

-- ============================================
-- CESIONES (100 registros)
-- ============================================
INSERT INTO cesiones (id_cesion, titular, cesionario, testigos) VALUES
(1, 'Juan Pérez García', 'María López Hernández', 'Carlos García, Rosa Martínez'),
(2, 'José Rodríguez Sánchez', 'Ana Sánchez Torres', 'Luis González, Elena Ramírez'),
(3, 'Francisco Luna Jiménez', 'Marta Díaz Ruiz', 'Javier Cruz, Sara Morales'),
(4, 'Manuel Gutiérrez Ortega', 'Laura Ortega Reyes', 'Enrique Ruiz, Carmen Hernández'),
(5, 'Raúl Castillo Vega', 'Isabel Gómez Delgado', 'Fernando Medina, Verónica Romero'),
(6, 'Gabriel Vargas Cárdenas', 'Ángela López Cortés', 'Óscar Hidalgo, Silvia Álvarez'),
(7, 'Ricardo Méndez López', 'Claudia Navarro Cortés', 'Arturo Guerrero, María del Carmen Salazar'),
(8, 'Armando Rivera Mendoza', 'Elizabeth Soto Oliva', 'Víctor Moreno, Mónica Jiménez'),
(9, 'Jorge Arias Cortés', 'Alejandra Santos Rojas', 'Eduardo Vega, Gloria Lara'),
(10, 'Marco Antúnez Zúñiga', 'Esther Domínguez Cortés', 'Ignacio Molina, Yolanda Ibarra'),
(11, 'Alonso Palacios Aguirre', 'Natalia Campos Linares', 'Saúl Rios, Adriana Escobar'),
(12, 'Octavio Silva Muñoz', 'Virginia Galván Sánchez', 'Bryan Mendoza, Karina Cervera'),
(13, 'Marvin Solano García', 'Germán Delgado Cruz', 'Nora Robledo, Erick Lira'),
(14, 'Diana Corona Báez', 'Aldo Martínez Sánchez', 'Mayra Cárdenas, Gustavo Orozco'),
(15, 'Liliana Castro López', 'Sergio Uribe Álvarez', 'Karen Vásquez, Darío Bautista'),
(16, 'Lourdes Macías Guzmán', 'Hugo Zamora Rivera', 'Irene Herrera, Alfredo Lorenzo'),
(17, 'Rosario Gamboa Acevedo', 'Rafael Cortés Trujillo', 'Estela Aguayo, Tomás Benítez'),
(18, 'Anita Suárez López', 'Iván Paredes Romo', 'Magdalena Vergara, Cristián León'),
(19, 'Sofía Canales Arce', 'Emilio Aguilar Campos', 'Rosalba Peña, Julián Contreras'),
(20, 'Pilar Marroquín Reyes', 'Alejandro Montoya Sánchez', 'Teresa Espinoza, Francisco Javier Vera'),
(21, 'Sonia Terrones García', 'Álvaro Leyva Maldonado', 'Miriam Zavala, Renato Sáenz'),
(22, 'Catalina Berrios Navarro', 'Ulises Guzmán Paredes', 'Evangelina Reyes, Daniel Bello'),
(23, 'Lorena Manríquez Muñoz', 'Eugenio Saldivar Reyes', 'Maricela Luna, Jonathan Chávez'),
(24, 'Guadalupe Rangel López', 'Santiago Rosales Flores', 'Elisa Fuentes, Benjamín Salinas'),
(25, 'Cynthia Valdés Ramos', 'Pedro Ávila González', 'Juan Pérez, María López'),
(26, 'Carlos García Martínez', 'Rosa Martínez Rodríguez', 'José Rodríguez, Ana Sánchez'),
(27, 'Luis González Ramírez', 'Elena Ramírez Gutiérrez', 'David Torres, Patricia Flores'),
(28, 'Francisco Luna Jiménez', 'Marta Díaz Ruiz', 'Javier Cruz, Sara Morales'),
(29, 'Manuel Gutiérrez Ortega', 'Laura Ortega Reyes', 'Enrique Ruiz, Carmen Hernández'),
(30, 'Raúl Castillo Vega', 'Isabel Gómez Delgado', 'Fernando Medina, Verónica Romero'),
(31, 'Gabriel Vargas Cárdenas', 'Ángela López Cortés', 'Óscar Hidalgo, Silvia Álvarez'),
(32, 'Ricardo Méndez López', 'Claudia Navarro Cortés', 'Arturo Guerrero, María del Carmen Salazar'),
(33, 'Armando Rivera Mendoza', 'Elizabeth Soto Oliva', 'Víctor Moreno, Mónica Jiménez'),
(34, 'Jorge Arias Cortés', 'Alejandra Santos Rojas', 'Eduardo Vega, Gloria Lara'),
(35, 'Marco Antúnez Zúñiga', 'Esther Domínguez Cortés', 'Ignacio Molina, Yolanda Ibarra'),
(36, 'Alonso Palacios Aguirre', 'Natalia Campos Linares', 'Saúl Rios, Adriana Escobar'),
(37, 'Octavio Silva Muñoz', 'Virginia Galván Sánchez', 'Bryan Mendoza, Karina Cervera'),
(38, 'Marvin Solano García', 'Germán Delgado Cruz', 'Nora Robledo, Erick Lira'),
(39, 'Diana Corona Báez', 'Aldo Martínez Sánchez', 'Mayra Cárdenas, Gustavo Orozco'),
(40, 'Liliana Castro López', 'Sergio Uribe Álvarez', 'Karen Vásquez, Darío Bautista'),
(41, 'Lourdes Macías Guzmán', 'Hugo Zamora Rivera', 'Irene Herrera, Alfredo Lorenzo'),
(42, 'Rosario Gamboa Acevedo', 'Rafael Cortés Trujillo', 'Estela Aguayo, Tomás Benítez'),
(43, 'Anita Suárez López', 'Iván Paredes Romo', 'Magdalena Vergara, Cristián León'),
(44, 'Sofía Canales Arce', 'Emilio Aguilar Campos', 'Rosalba Peña, Julián Contreras'),
(45, 'Pilar Marroquín Reyes', 'Alejandro Montoya Sánchez', 'Teresa Espinoza, Francisco Javier Vera'),
(46, 'Sonia Terrones García', 'Álvaro Leyva Maldonado', 'Miriam Zavala, Renato Sáenz'),
(47, 'Catalina Berrios Navarro', 'Ulises Guzmán Paredes', 'Evangelina Reyes, Daniel Bello'),
(48, 'Lorena Manríquez Muñoz', 'Eugenio Saldivar Reyes', 'Maricela Luna, Jonathan Chávez'),
(49, 'Guadalupe Rangel López', 'Santiago Rosales Flores', 'Elisa Fuentes, Benjamín Salinas'),
(50, 'Cynthia Valdés Ramos', 'Pedro Ávila González', 'Juan Pérez, María López'),
(51, 'Juan Pérez García', 'Carlos García Martínez', 'Rosa Martínez, José Rodríguez'),
(52, 'María López Hernández', 'Ana Sánchez Torres', 'Luis González, Elena Ramírez'),
(53, 'Carlos García Martínez', 'David Torres Flores', 'Patricia Flores, Francisco Luna'),
(54, 'Rosa Martínez Rodríguez', 'Marta Díaz Ruiz', 'Javier Cruz, Sara Morales'),
(55, 'José Rodríguez Sánchez', 'Manuel Gutiérrez Ortega', 'Laura Ortega, Enrique Ruiz'),
(56, 'Ana Sánchez Torres', 'Carmen Hernández Mendoza', 'Raúl Castillo, Isabel Gómez'),
(57, 'Luis González Ramírez', 'Fernando Medina Soto', 'Verónica Romero, Gabriel Vargas'),
(58, 'Elena Ramírez Gutiérrez', 'Ángela López Cortés', 'Óscar Hidalgo, Silvia Álvarez'),
(59, 'David Torres Flores', 'Ricardo Méndez López', 'Claudia Navarro, Arturo Guerrero'),
(60, 'Patricia Flores Morales', 'María del Carmen Salazar Jiménez', 'Armando Rivera, Elizabeth Soto'),
(61, 'Francisco Luna Jiménez', 'Víctor Moreno Ramos', 'Mónica Jiménez, Jorge Arias'),
(62, 'Marta Díaz Ruiz', 'Alejandra Santos Rojas', 'Eduardo Vega, Gloria Lara'),
(63, 'Javier Cruz Navarro', 'Marco Antúnez Zúñiga', 'Esther Domínguez, Ignacio Molina'),
(64, 'Sara Morales Castillo', 'Yolanda Ibarra Herrera', 'Alonso Palacios, Natalia Campos'),
(65, 'Manuel Gutiérrez Ortega', 'Saúl Rios Estévez', 'Adriana Escobar, Octavio Silva'),
(66, 'Laura Ortega Reyes', 'Virginia Galván Sánchez', 'Bryan Mendoza, Karina Cervera'),
(67, 'Enrique Ruiz Aguilar', 'Marvin Solano García', 'Germán Delgado, Nora Robledo'),
(68, 'Carmen Hernández Mendoza', 'Erick Lira Cortés', 'Diana Corona, Aldo Martínez'),
(69, 'Raúl Castillo Vega', 'Mayra Cárdenas Vigil', 'Gustavo Orozco, Liliana Castro'),
(70, 'Isabel Gómez Delgado', 'Sergio Uribe Álvarez', 'Karen Vásquez, Darío Bautista'),
(71, 'Fernando Medina Soto', 'Lourdes Macías Guzmán', 'Hugo Zamora, Irene Herrera'),
(72, 'Verónica Romero Mora', 'Alfredo Lorenzo Santana', 'Rosario Gamboa, Rafael Cortés'),
(73, 'Gabriel Vargas Cárdenas', 'Estela Aguayo Mendoza', 'Tomás Benítez, Anita Suárez'),
(74, 'Ángela López Cortés', 'Iván Paredes Romo', 'Magdalena Vergara, Cristián León'),
(75, 'Óscar Hidalgo Flores', 'Sofía Canales Arce', 'Emilio Aguilar, Rosalba Peña'),
(76, 'Silvia Álvarez Ramos', 'Julián Contreras Ochoa', 'Pilar Marroquín, Alejandro Montoya'),
(77, 'Ricardo Méndez López', 'Teresa Espinoza Ramos', 'Francisco Javier Vera, Sonia Terrones'),
(78, 'Claudia Navarro Cortés', 'Álvaro Leyva Maldonado', 'Miriam Zavala, Renato Sáenz'),
(79, 'Arturo Guerrero Sandoval', 'Catalina Berrios Navarro', 'Ulises Guzmán, Evangelina Reyes'),
(80, 'María del Carmen Salazar Jiménez', 'Daniel Bello Aguirre', 'Lorena Manríquez, Eugenio Saldivar'),
(81, 'Armando Rivera Mendoza', 'Maricela Luna García', 'Jonathan Chávez, Guadalupe Rangel'),
(82, 'Elizabeth Soto Oliva', 'Santiago Rosales Flores', 'Elisa Fuentes, Benjamín Salinas'),
(83, 'Víctor Moreno Ramos', 'Cynthia Valdés Ramos', 'Pedro Ávila, Juan Pérez'),
(84, 'Mónica Jiménez Molina', 'María López Hernández', 'Carlos García, Rosa Martínez'),
(85, 'Jorge Arias Cortés', 'José Rodríguez Sánchez', 'Ana Sánchez, Luis González'),
(86, 'Alejandra Santos Rojas', 'Elena Ramírez Gutiérrez', 'David Torres, Patricia Flores'),
(87, 'Eduardo Vega Luna', 'Francisco Luna Jiménez', 'Marta Díaz, Javier Cruz'),
(88, 'Gloria Lara Miranda', 'Sara Morales Castillo', 'Manuel Gutiérrez, Laura Ortega'),
(89, 'Marco Antúnez Zúñiga', 'Enrique Ruiz Aguilar', 'Carmen Hernández, Raúl Castillo'),
(90, 'Esther Domínguez Cortés', 'Isabel Gómez Delgado', 'Fernando Medina, Verónica Romero'),
(91, 'Ignacio Molina Padilla', 'Gabriel Vargas Cárdenas', 'Ángela López, Óscar Hidalgo'),
(92, 'Yolanda Ibarra Herrera', 'Silvia Álvarez Ramos', 'Ricardo Méndez, Claudia Navarro'),
(93, 'Alonso Palacios Aguirre', 'Arturo Guerrero Sandoval', 'María del Carmen, Armando Rivera'),
(94, 'Natalia Campos Linares', 'Elizabeth Soto Oliva', 'Víctor Moreno, Mónica Jiménez'),
(95, 'Saúl Rios Estévez', 'Jorge Arias Cortés', 'Alejandra Santos, Eduardo Vega'),
(96, 'Adriana Escobar Valencia', 'Gloria Lara Miranda', 'Marco Antúnez, Esther Domínguez'),
(97, 'Octavio Silva Muñoz', 'Ignacio Molina Padilla', 'Yolanda Ibarra, Alonso Palacios'),
(98, 'Virginia Galván Sánchez', 'Natalia Campos Linares', 'Saúl Rios, Adriana Escobar'),
(99, 'Bryan Mendoza Arias', 'Octavio Silva Muñoz', 'Virginia Galván, Bryan Mendoza'),
(100, 'Karina Cervera Flores', 'Virginia Galván, Bryan Mendoza');

-- ============================================
-- CONSTANCIAS (100 registros)
-- ============================================
INSERT INTO constancias (id_constancia, solicitante, motivo, folio) VALUES
(1, 'Juan Pérez García', 'Constancia de residencia', 'CONST-2025-00001'),
(2, 'María López Hernández', 'Constancia de ejidatario', 'CONST-2025-00002'),
(3, 'Carlos García Martínez', 'Constancia de no adeudo', 'CONST-2025-00003'),
(4, 'Rosa Martínez Rodríguez', 'Constancia de tierras', 'CONST-2025-00004'),
(5, 'José Rodríguez Sánchez', 'Constancia de parcela', 'CONST-2025-00005'),
(6, 'Ana Sánchez Torres', 'Constancia de vigencia', 'CONST-2025-00006'),
(7, 'Luis González Ramírez', 'Constancia de derechos', 'CONST-2025-00007'),
(8, 'Elena Ramírez Gutiérrez', 'Constancia de pertenencia', 'CONST-2025-00008'),
(9, 'David Torres Flores', 'Constancia de identidad', 'CONST-2025-00009'),
(10, 'Patricia Flores Morales', 'Constancia de domicilio', 'CONST-2025-00010'),
(11, 'Francisco Luna Jiménez', 'Constancia de uso de suelo', 'CONST-2025-00011'),
(12, 'Marta Díaz Ruiz', 'Constancia de situación fiscal', 'CONST-2025-00012'),
(13, 'Javier Cruz Navarro', 'Constancia de compatibilidad', 'CONST-2025-00013'),
(14, 'Sara Morales Castillo', 'Constancia de actividades', 'CONST-2025-00014'),
(15, 'Manuel Gutiérrez Ortega', 'Constancia de impacto ambiental', 'CONST-2025-00015'),
(16, 'Laura Ortega Reyes', 'Constancia de aguas', 'CONST-2025-00016'),
(17, 'Enrique Ruiz Aguilar', 'Constancia de pastoreo', 'CONST-2025-00017'),
(18, 'Carmen Hernández Mendoza', 'Constancia de siembra', 'CONST-2025-00018'),
(19, 'Raúl Castillo Vega', 'Constancia de cosecha', 'CONST-2025-00019'),
(20, 'Isabel Gómez Delgado', 'Constancia de producción', 'CONST-2025-00020'),
(21, 'Fernando Medina Soto', 'Constancia de rendimientos', 'CONST-2025-00021'),
(22, 'Verónica Romero Mora', 'Constancia de almacenamiento', 'CONST-2025-00022'),
(23, 'Gabriel Vargas Cárdenas', 'Constancia de comercialización', 'CONST-2025-00023'),
(24, 'Ángela López Cortés', 'Constancia de transporte', 'CONST-2025-00024'),
(25, 'Óscar Hidalgo Flores', 'Constancia de maquinaria', 'CONST-2025-00025'),
(26, 'Silvia Álvarez Ramos', 'Constancia de equipo', 'CONST-2025-00026'),
(27, 'Ricardo Méndez López', 'Constancia de herramientas', 'CONST-2025-00027'),
(28, 'Claudia Navarro Cortés', 'Constancia de insumos', 'CONST-2025-00028'),
(29, 'Arturo Guerrero Sandoval', 'Constancia de fertilizantes', 'CONST-2025-00029'),
(30, 'María del Carmen Salazar Jiménez', 'Constancia de semillas', 'CONST-2025-00030'),
(31, 'Armando Rivera Mendoza', 'Constancia de plaguicidas', 'CONST-2025-00031'),
(32, 'Elizabeth Soto Oliva', 'Constancia de composta', 'CONST-2025-00032'),
(33, 'Víctor Moreno Ramos', 'Constancia de abono', 'CONST-2025-00033'),
(34, 'Mónica Jiménez Molina', 'Constancia de riego', 'CONST-2025-00034'),
(35, 'Jorge Arias Cortés', 'Constancia de presas', 'CONST-2025-00035'),
(36, 'Alejandra Santos Rojas', 'Constancia de canales', 'CONST-2025-00036'),
(37, 'Eduardo Vega Luna', 'Constancia de norias', 'CONST-2025-00037'),
(38, 'Gloria Lara Miranda', 'Constancia de pozos', 'CONST-2025-00038'),
(39, 'Marco Antúnez Zúñiga', 'Constancia de montañas', 'CONST-2025-00039'),
(40, 'Esther Domínguez Cortés', 'Constancia de cerros', 'CONST-2025-00040'),
(41, 'Ignacio Molina Padilla', 'Constancia de valles', 'CONST-2025-00041'),
(42, 'Yolanda Ibarra Herrera', 'Constancia de llanuras', 'CONST-2025-00042'),
(43, 'Alonso Palacios Aguirre', 'Constancia de caminos', 'CONST-2025-00043'),
(44, 'Natalia Campos Linares', 'Constancia de brechas', 'CONST-2025-00044'),
(45, 'Saúl Rios Estévez', 'Constancia de veredas', 'CONST-2025-00045'),
(46, 'Adriana Escobar Valencia', 'Constancia de senderos', 'CONST-2025-00046'),
(47, 'Octavio Silva Muñoz', 'Constancia de accesos', 'CONST-2025-00047'),
(48, 'Virginia Galván Sánchez', 'Constancia de títulos', 'CONST-2025-00048'),
(49, 'Bryan Mendoza Arias', 'Constancia de regularización', 'CONST-2025-00049'),
(50, 'Karina Cervera Flores', 'Constancia de trámites', 'CONST-2025-00050'),
(51, 'Marvin Solano García', 'Constancia de permisos', 'CONST-2025-00051'),
(52, 'Germán Delgado Cruz', 'Constancia de autorizaciones', 'CONST-2025-00052'),
(53, 'Nora Robledo León', 'Constancia de licencias', 'CONST-2025-00053'),
(54, 'Erick Lira Cortés', 'Constancia de dictámenes', 'CONST-2025-00054'),
(55, 'Diana Corona Báez', 'Constancia de avalúos', 'CONST-2025-00055'),
(56, 'Aldo Martínez Sánchez', 'Constancia de certificaciones', 'CONST-2025-00056'),
(57, 'Mayra Cárdenas Vigil', 'Constancia de verificaciones', 'CONST-2025-00057'),
(58, 'Gustavo Orozco Nava', 'Constancia de inspecciones', 'CONST-2025-00058'),
(59, 'Liliana Castro López', 'Constancia de mediciones', 'CONST-2025-00059'),
(60, 'Sergio Uribe Álvarez', 'Constancia de levantamientos', 'CONST-2025-00060'),
(61, 'Karen Vásquez Campos', 'Constancia de topografía', 'CONST-2025-00061'),
(62, 'Darío Bautista Reyes', 'Constancia de georreferenciación', 'CONST-2025-00062'),
(63, 'Lourdes Macías Guzmán', 'Constancia de deslinde', 'CONST-2025-00063'),
(64, 'Hugo Zamora Rivera', 'Constancia de linderos', 'CONST-2025-00064'),
(65, 'Irene Herrera Lozano', 'Constancia de vértices', 'CONST-2025-00065'),
(66, 'Alfredo Lorenzo Santana', 'Constancia de mojones', 'CONST-2025-00066'),
(67, 'Rosario Gamboa Acevedo', 'Constancia de acta', 'CONST-2025-00067'),
(68, 'Rafael Cortés Trujillo', 'Constancia de asamblea', 'CONST-2025-00068'),
(69, 'Estela Aguayo Mendoza', 'Constancia de acuerdos', 'CONST-2025-00069'),
(70, 'Tomás Benítez Cárdenas', 'Constancia de resoluciones', 'CONST-2025-00070'),
(71, 'Anita Suárez López', 'Constancia de decisiones', 'CONST-2025-00071'),
(72, 'Iván Paredes Romo', 'Constancia de determinaciones', 'CONST-2025-00072'),
(73, 'Magdalena Vergara Romero', 'Constancia de asignaciones', 'CONST-2025-00073'),
(74, 'Cristián León Segovia', 'Constancia de distribución', 'CONST-2025-00074'),
(75, 'Sofía Canales Arce', 'Constancia de división', 'CONST-2025-00075'),
(76, 'Emilio Aguilar Campos', 'Constancia de fraccionamiento', 'CONST-2025-00076'),
(77, 'Rosalba Peña López', 'Constancia de lotificación', 'CONST-2025-00077'),
(78, 'Julián Contreras Ochoa', 'Constancia de parcelación', 'CONST-2025-00078'),
(79, 'Pilar Marroquín Reyes', 'Constancia de sectorización', 'CONST-2025-00079'),
(80, 'Alejandro Montoya Sánchez', 'Constancia de zonificación', 'CONST-2025-00080'),
(81, 'Teresa Espinoza Ramos', 'Constancia de uso', 'CONST-2025-00081'),
(82, 'Francisco Javier Vera Rodríguez', 'Constancia de destino', 'CONST-2025-00082'),
(83, 'Sonia Terrones García', 'Constancia de clasificación', 'CONST-2025-00083'),
(84, 'Álvaro Leyva Maldonado', 'Constancia de categoría', 'CONST-2025-00084'),
(85, 'Miriam Zavala Cortés', 'Constancia de tipo', 'CONST-2025-00085'),
(86, 'Renato Sáenz Vigil', 'Constancia de modalidad', 'CONST-2025-00086'),
(87, 'Catalina Berrios Navarro', 'Constancia de forma', 'CONST-2025-00087'),
(88, 'Ulises Guzmán Paredes', 'Constancia de manera', 'CONST-2025-00088'),
(89, 'Evangelina Reyes Cortés', 'Constancia de modo', 'CONST-2025-00089'),
(90, 'Daniel Bello Aguirre', 'Constancia de estilo', 'CONST-2025-00090'),
(91, 'Lorena Manríquez Muñoz', 'Constancia de método', 'CONST-2025-00091'),
(92, 'Eugenio Saldivar Reyes', 'Constancia de procedimiento', 'CONST-2025-00092'),
(93, 'Maricela Luna García', 'Constancia de proceso', 'CONST-2025-00093'),
(94, 'Jonathan Chávez Mendoza', 'Constancia de sistema', 'CONST-2025-00094'),
(95, 'Guadalupe Rangel López', 'Constancia de mecanismo', 'CONST-2025-00095'),
(96, 'Santiago Rosales Flores', 'Constancia de herramienta', 'CONST-2025-00096'),
(97, 'Elisa Fuentes Aguilar', 'Constancia de instrumento', 'CONST-2025-00097'),
(98, 'Benjamín Salinas Mora', 'Constancia de medio', 'CONST-2025-00098'),
(99, 'Cynthia Valdés Ramos', 'Constancia de recurso', 'CONST-2025-00099'),
(100, 'Pedro Ávila González', 'Constancia de gestión', 'CONST-2025-00100');

-- ============================================
-- DERECHOS (100 registros)
-- ============================================
INSERT INTO derechos (id_derecho, acuerdos) VALUES
(1, 'Acuerdo de asamblea sobre uso de tierras'),
(2, 'Acuerdo de distribución de parcelas'),
(3, 'Acuerdo de mantenimiento de caminos'),
(4, 'Acuerdo de uso de agua'),
(5, 'Acuerdo de pastoreo'),
(6, 'Acuerdo de aprovechamiento'),
(7, 'Acuerdo de conservación'),
(8, 'Acuerdo de protección'),
(9, 'Acuerdo de uso común'),
(10, 'Acuerdo de servicios'),
(11, 'Acuerdo de instalaciones'),
(12, 'Acuerdo de mantenimiento'),
(13, 'Acuerdo de mejoras'),
(14, 'Acuerdo de inversión'),
(15, 'Acuerdo de presupuesto'),
(16, 'Acuerdo de gastos'),
(17, 'Acuerdo de ingresos'),
(18, 'Acuerdo de aportaciones'),
(19, 'Acuerdo de cuotas'),
(20, 'Acuerdo de multas'),
(21, 'Acuerdo de sanciones'),
(22, 'Acuerdo de penalizaciones'),
(23, 'Acuerdo de amonestaciones'),
(24, 'Acuerdo de advertencias'),
(25, 'Acuerdo de llamadas de atención'),
(26, 'Acuerdo de apercibimientos'),
(27, 'Acuerdo de recursos'),
(28, 'Acuerdo de apelaciones'),
(29, 'Acuerdo de revisiones'),
(30, 'Acuerdo de reconsideraciones'),
(31, 'Acuerdo de solicitudes'),
(32, 'Acuerdo de peticiones'),
(33, 'Acuerdo de demandas'),
(34, 'Acuerdo de promociones'),
(35, 'Acuerdo de trámites'),
(36, 'Acuerdo de procedimientos'),
(37, 'Acuerdo de procesos'),
(38, 'Acuerdo de resoluciones'),
(39, 'Acuerdo de decisiones'),
(40, 'Acuerdo de determinaciones'),
(41, 'Acuerdo de declaraciones'),
(42, 'Acuerdo de manifestaciones'),
(43, 'Acuerdo de exposiciones'),
(44, 'Acuerdo de explicaciones'),
(45, 'Acuerdo de justificaciones'),
(46, 'Acuerdo de argumentaciones'),
(47, 'Acuerdo de razones'),
(48, 'Acuerdo de fundamentos'),
(49, 'Acuerdo de motivos'),
(50, 'Acuerdo de causas'),
(51, 'Acuerdo de orígenes'),
(52, 'Acuerdo de antecedentes'),
(53, 'Acuerdo de historias'),
(54, 'Acuerdo de trayectorias'),
(55, 'Acuerdo de currículums'),
(56, 'Acuerdo de perfiles'),
(57, 'Acuerdo de capacidades'),
(58, 'Acuerdo de habilidades'),
(59, 'Acuerdo de competencias'),
(60, 'Acuerdo de aptitudes'),
(61, 'Acuerdo de actitudes'),
(62, 'Acuerdo de comportamientos'),
(63, 'Acuerdo de conductas'),
(64, 'Acuerdo de procederes'),
(65, 'Acuerdo de actuación'),
(66, 'Acuerdo de desempeño'),
(67, 'Acuerdo de rendimiento'),
(68, 'Acuerdo de productividad'),
(69, 'Acuerdo de eficiencia'),
(70, 'Acuerdo de eficacia'),
(71, 'Acuerdo de efectividad'),
(72, 'Acuerdo de utilidad'),
(73, 'Acuerdo de beneficios'),
(74, 'Acuerdo de ventajas'),
(75, 'Acuerdo de ganancias'),
(76, 'Acuerdo de lucros'),
(77, 'Acuerdo de entradas'),
(78, 'Acuerdo de cobranzas'),
(79, 'Acuerdo de cobros'),
(80, 'Acuerdo de percepciones'),
(81, 'Acuerdo de pagos'),
(82, 'Acuerdo de liquidaciones'),
(83, 'Acuerdo de balances'),
(84, 'Acuerdo de estados financieros'),
(85, 'Acuerdo de informes'),
(86, 'Acuerdo de reportes'),
(87, 'Acuerdo de auditorías'),
(88, 'Acuerdo de revisiones'),
(89, 'Acuerdo de supervisiones'),
(90, 'Acuerdo de monitorizaciones'),
(91, 'Acuerdo de controles'),
(92, 'Acuerdo de seguimientos'),
(93, 'Acuerdo de trazabilidades'),
(94, 'Acuerdo de rastreos'),
(95, 'Acuerdo de localizaciones'),
(96, 'Acuerdo de identificaciones'),
(97, 'Acuerdo de autenticaciones'),
(98, 'Acuerdo de validaciones'),
(99, 'Acuerdo de certificaciones'),
(100, 'Acuerdo de verificaciones');

-- ============================================
-- DESLINDES (100 registros)
-- ============================================
INSERT INTO deslindes (id_deslinde, mapa, superficie) VALUES
(1, 'MAPA-DESLINDE-001.jpg', 10.50),
(2, 'MAPA-DESLINDE-002.jpg', 15.75),
(3, 'MAPA-DESLINDE-003.jpg', 8.25),
(4, 'MAPA-DESLINDE-004.jpg', 12.00),
(5, 'MAPA-DESLINDE-005.jpg', 20.50),
(6, 'MAPA-DESLINDE-006.jpg', 9.80),
(7, 'MAPA-DESLINDE-007.jpg', 18.30),
(8, 'MAPA-DESLINDE-008.jpg', 11.20),
(9, 'MAPA-DESLINDE-009.jpg', 14.60),
(10, 'MAPA-DESLINDE-010.jpg', 16.40),
(11, 'MAPA-DESLINDE-011.jpg', 13.90),
(12, 'MAPA-DESLINDE-012.jpg', 19.70),
(13, 'MAPA-DESLINDE-013.jpg', 8.50),
(14, 'MAPA-DESLINDE-014.jpg', 22.30),
(15, 'MAPA-DESLINDE-015.jpg', 10.80),
(16, 'MAPA-DESLINDE-016.jpg', 17.20),
(17, 'MAPA-DESLINDE-017.jpg', 12.50),
(18, 'MAPA-DESLINDE-018.jpg', 21.10),
(19, 'MAPA-DESLINDE-019.jpg', 9.40),
(20, 'MAPA-DESLINDE-020.jpg', 15.80),
(21, 'MAPA-DESLINDE-021.jpg', 18.90),
(22, 'MAPA-DESLINDE-022.jpg', 11.70),
(23, 'MAPA-DESLINDE-023.jpg', 14.30),
(24, 'MAPA-DESLINDE-024.jpg', 20.20),
(25, 'MAPA-DESLINDE-025.jpg', 8.90),
(26, 'MAPA-DESLINDE-026.jpg', 16.80),
(27, 'MAPA-DESLINDE-027.jpg', 13.40),
(28, 'MAPA-DESLINDE-028.jpg', 19.50),
(29, 'MAPA-DESLINDE-029.jpg', 10.20),
(30, 'MAPA-DESLINDE-030.jpg', 17.60),
(31, 'MAPA-DESLINDE-031.jpg', 12.80),
(32, 'MAPA-DESLINDE-032.jpg', 21.40),
(33, 'MAPA-DESLINDE-033.jpg', 9.60),
(34, 'MAPA-DESLINDE-034.jpg', 15.20),
(35, 'MAPA-DESLINDE-035.jpg', 18.70),
(36, 'MAPA-DESLINDE-036.jpg', 11.50),
(37, 'MAPA-DESLINDE-037.jpg', 14.80),
(38, 'MAPA-DESLINDE-038.jpg', 20.90),
(39, 'MAPA-DESLINDE-039.jpg', 8.30),
(40, 'MAPA-DESLINDE-040.jpg', 16.50),
(41, 'MAPA-DESLINDE-041.jpg', 13.60),
(42, 'MAPA-DESLINDE-042.jpg', 19.20),
(43, 'MAPA-DESLINDE-043.jpg', 10.40),
(44, 'MAPA-DESLINDE-044.jpg', 17.90),
(45, 'MAPA-DESLINDE-045.jpg', 12.20),
(46, 'MAPA-DESLINDE-046.jpg', 21.70),
(47, 'MAPA-DESLINDE-047.jpg', 9.10),
(48, 'MAPA-DESLINDE-048.jpg', 15.50),
(49, 'MAPA-DESLINDE-049.jpg', 18.40),
(50, 'MAPA-DESLINDE-050.jpg', 11.80),
(51, 'MAPA-DESLINDE-051.jpg', 14.10),
(52, 'MAPA-DESLINDE-052.jpg', 20.60),
(53, 'MAPA-DESLINDE-053.jpg', 8.70),
(54, 'MAPA-DESLINDE-054.jpg', 16.20),
(55, 'MAPA-DESLINDE-055.jpg', 13.80),
(56, 'MAPA-DESLINDE-056.jpg', 19.90),
(57, 'MAPA-DESLINDE-057.jpg', 10.60),
(58, 'MAPA-DESLINDE-058.jpg', 17.30),
(59, 'MAPA-DESLINDE-059.jpg', 12.40),
(60, 'MAPA-DESLINDE-060.jpg', 21.20),
(61, 'MAPA-DESLINDE-061.jpg', 9.30),
(62, 'MAPA-DESLINDE-062.jpg', 15.90),
(63, 'MAPA-DESLINDE-063.jpg', 18.60),
(64, 'MAPA-DESLINDE-064.jpg', 11.30),
(65, 'MAPA-DESLINDE-065.jpg', 14.50),
(66, 'MAPA-DESLINDE-066.jpg', 20.30),
(67, 'MAPA-DESLINDE-067.jpg', 8.60),
(68, 'MAPA-DESLINDE-068.jpg', 16.70),
(69, 'MAPA-DESLINDE-069.jpg', 13.20),
(70, 'MAPA-DESLINDE-070.jpg', 19.80),
(71, 'MAPA-DESLINDE-071.jpg', 10.90),
(72, 'MAPA-DESLINDE-072.jpg', 17.50),
(73, 'MAPA-DESLINDE-073.jpg', 12.60),
(74, 'MAPA-DESLINDE-074.jpg', 21.50),
(75, 'MAPA-DESLINDE-075.jpg', 9.20),
(76, 'MAPA-DESLINDE-076.jpg', 15.40),
(77, 'MAPA-DESLINDE-077.jpg', 18.20),
(78, 'MAPA-DESLINDE-078.jpg', 11.90),
(79, 'MAPA-DESLINDE-079.jpg', 14.70),
(80, 'MAPA-DESLINDE-080.jpg', 20.10),
(81, 'MAPA-DESLINDE-081.jpg', 8.40),
(82, 'MAPA-DESLINDE-082.jpg', 16.30),
(83, 'MAPA-DESLINDE-083.jpg', 13.50),
(84, 'MAPA-DESLINDE-084.jpg', 19.40),
(85, 'MAPA-DESLINDE-085.jpg', 10.30),
(86, 'MAPA-DESLINDE-086.jpg', 17.80),
(87, 'MAPA-DESLINDE-087.jpg', 12.10),
(88, 'MAPA-DESLINDE-088.jpg', 21.80),
(89, 'MAPA-DESLINDE-089.jpg', 9.50),
(90, 'MAPA-DESLINDE-090.jpg', 15.60),
(91, 'MAPA-DESLINDE-091.jpg', 18.10),
(92, 'MAPA-DESLINDE-092.jpg', 11.60),
(93, 'MAPA-DESLINDE-093.jpg', 14.20),
(94, 'MAPA-DESLINDE-094.jpg', 20.80),
(95, 'MAPA-DESLINDE-095.jpg', 8.80),
(96, 'MAPA-DESLINDE-096.jpg', 16.90),
(97, 'MAPA-DESLINDE-097.jpg', 13.30),
(98, 'MAPA-DESLINDE-098.jpg', 19.60),
(99, 'MAPA-DESLINDE-099.jpg', 10.70),
(100, 'MAPA-DESLINDE-100.jpg', 17.10);
